sku,name,configurable_products,color,description,short_description,price,image,thumbnail,small_image,configurable_option,configurable_option_value,category_ids,store,websites,attribute_set,type,status,tax_class_id,visibility,has_options,weight,is_in_stock,qty
380,Green elastic waist pant,"5380-6M,5380-9M,5380-12M,5380-18M,5380-2T,5380-3T,5380-4T,5380-5Y,5380-6Y,5380-7Y,380-8Y",Green,Green elastic waist pant,Green elastic waist pant,27,/380.jpg,/380.jpg,/380.jpg,[attribute_code::frenchie_size][label::Size][position::0],[label::][attribute_code::frenchie_size][is_percent::0][pricing_value::],"35, 52, 95, 10, 109",admin,base,Default,configurable,Enabled,Taxable Goods,"Catalog, Search",1,1,1,9999
5268,Dark floral skirt,"5268-2T,5268-3T,5268-4T,5268-5Y,5268-6Y,5268-7Y,5268-8Y",Black,Dark floral skirt,Dark floral skirt,20,/5268.jpg,/5268.jpg,/5268.jpg,[attribute_code::frenchie_size][label::Size][position::0],[label::][attribute_code::frenchie_size][is_percent::0][pricing_value::],"37, 118",admin,base,Default,configurable,Enabled,Taxable Goods,"Catalog, Search",1,1,1,9999
5269,Dark floral dress with tie shoulders,"5269-2T,5269-3T,5269-4T,5269-5Y,5269-6Y,5269-7Y,5269-8Y",Black,Dark floral dress with tie shoulders,Dark floral dress with tie shoulders,25,/5269.jpg,/5269.jpg,/5269.jpg,[attribute_code::frenchie_size][label::Size][position::0],[label::][attribute_code::frenchie_size][is_percent::0][pricing_value::],"37, 65",admin,base,Default,configurable,Enabled,Taxable Goods,"Catalog, Search",1,1,1,9999
5270,"Red Stretchie Pant
","5270-6M,5270-9M,5270-12M,5270-18M,5270-2T,5270-3T,5270-4T,5270-5Y,5270-6Y,5270-7Y,5270-8Y",Red,"Red Stretchie Pant
","Red Stretchie Pant
",16,/5270.jpg,/5270.jpg,/5270.jpg,[attribute_code::frenchie_size][label::Size][position::0],[label::][attribute_code::frenchie_size][is_percent::0][pricing_value::],"35, 88, 95, 37, 117",admin,base,Default,configurable,Enabled,Taxable Goods,"Catalog, Search",1,1,1,9999
5271,"Hot Pink Stretchie Pant
","5271-6M,5271-9M,5271-12M,5271-18M,5271-2T,5271-3T,5271-4T,5271-5Y,5271-6Y,5271-7Y,5271-8Y",Pink,"Hot Pink Stretchie Pant
","Hot Pink Stretchie Pant
",16,/5271.jpg,/5271.jpg,/5271.jpg,[attribute_code::frenchie_size][label::Size][position::0],[label::][attribute_code::frenchie_size][is_percent::0][pricing_value::],"35, 88, 95, 37, 117",admin,base,Default,configurable,Enabled,Taxable Goods,"Catalog, Search",1,1,1,9999
5272,"Purple Stretchie Pant
","5272-6M,5272-9M,5272-12M,5272-18M,5272-2T,5272-3T,5272-4T,5272-5Y",Purple,"Purple Stretchie Pant
","Purple Stretchie Pant
",16,/5272.jpg,/5272.jpg,/5272.jpg,[attribute_code::frenchie_size][label::Size][position::0],[label::][attribute_code::frenchie_size][is_percent::0][pricing_value::],"35, 88, 95, 37, 117",admin,base,Default,configurable,Enabled,Taxable Goods,"Catalog, Search",1,1,1,9999
5275,"Black Stretchie Pant
","5275-6M,5275-9M,5275-12M,5275-18M,5275-2T,5275-3T,5275-4T,5275-5Y,5275-6Y,5275-7Y,5275-8Y",Black,"Black Stretchie Pant
","Black Stretchie Pant
",16,/5275.jpg,/5275.jpg,/5275.jpg,[attribute_code::frenchie_size][label::Size][position::0],[label::][attribute_code::frenchie_size][is_percent::0][pricing_value::],"35, 88, 95, 37, 117",admin,base,Default,configurable,Enabled,Taxable Goods,"Catalog, Search",1,1,1,9999
5276,"Silver Gray Stretchie Pant
","5276-6M,5276-9M,5276-12M,5276-18M,5276-2T,5276-3T,5276-4T,5276-5Y,5276-6Y,5276-7Y,5276-8Y",Silver,"Silver Gray Stretchie Pant
","Silver Gray Stretchie Pant
",16,/5276.jpg,/5276.jpg,/5276.jpg,[attribute_code::frenchie_size][label::Size][position::0],[label::][attribute_code::frenchie_size][is_percent::0][pricing_value::],"35, 88, 95, 37, 117",admin,base,Default,configurable,Enabled,Taxable Goods,"Catalog, Search",1,1,1,9999
5279,"Red Jeggings
","5279-3M,5279-6M,5279-9M,5279-12M,5279-18M,5279-2T,5279-3T,5279-4T,5279-5Y,5279-6Y,5279-7Y,5279-8Y",Red,"Red Jeggings
","Red Jeggings
",18,/5279.jpg,/5279.jpg,/5279.jpg,[attribute_code::frenchie_size][label::Size][position::0],[label::][attribute_code::frenchie_size][is_percent::0][pricing_value::],"35, 88, 95, 37, 117",admin,base,Default,configurable,Enabled,Taxable Goods,"Catalog, Search",1,1,1,9999
5280,Gathered waist coral skirt with buttons,"5280-2T,5280-3T,5280-4T,5280-5Y,5280-6Y,5280-7Y,5280-8Y,5280-10Y,5280-12Y,5280-14Y,5280-16Y",Coral,Gathered waist coral skirt with buttons,Gathered waist coral skirt with buttons,20,/5280.jpg,/5280.jpg,/5280.jpg,[attribute_code::frenchie_size][label::Size][position::0],[label::][attribute_code::frenchie_size][is_percent::0][pricing_value::],"37, 118",admin,base,Default,configurable,Enabled,Taxable Goods,"Catalog, Search",1,1,1,9999
5285,Gathered waist red skirt with buttons,"5285-2T,5285-3T,5285-4T,5285-5Y,5285-6Y,5285-7Y,5285-8Y,5285-10Y,5285-12Y,5285-14Y,5285-16Y",Red,Gathered waist red skirt with buttons,Gathered waist red skirt with buttons,20,/5285.jpg,/5285.jpg,/5285.jpg,[attribute_code::frenchie_size][label::Size][position::0],[label::][attribute_code::frenchie_size][is_percent::0][pricing_value::],"37, 118",admin,base,Default,configurable,Enabled,Taxable Goods,"Catalog, Search",1,1,1,9999
5292,Solid pink chino skirt,"5292-2T,5292-3T,5292-4T,5292-5Y,5292-6Y,5292-7Y,5292-8Y,5292-10Y,5292-12Y,5292-14Y",Pink,Solid pink chino skirt,Solid pink chino skirt,20,/5292.jpg,/5292.jpg,/5292.jpg,[attribute_code::frenchie_size][label::Size][position::0],[label::][attribute_code::frenchie_size][is_percent::0][pricing_value::],"37, 118",admin,base,Default,configurable,Enabled,Taxable Goods,"Catalog, Search",1,1,1,9999
5299,Solid Dark blue denim skirt,"5299-2T,5299-3T,5299-4T,5299-5Y,5299-6Y,5299-7Y,5299-8Y,5299-10Y,5299-12Y,5299-14Y,5299-16Y",Blue,Solid Dark blue denim skirt,Solid Dark blue denim skirt,15,/5299.jpg,/5299.jpg,/5299.jpg,[attribute_code::frenchie_size][label::Size][position::0],[label::][attribute_code::frenchie_size][is_percent::0][pricing_value::],"37, 118",admin,base,Default,configurable,Enabled,Taxable Goods,"Catalog, Search",1,1,1,9999
5304,Denim top with tie,"5304-6M,5304-9M,5304-12M,5304-18M,5304-2T,5304-3T,5304-4T,5304-5Y",Denim,Denim top with tie,Denim top with tie,20,/5304.jpg,/5304.jpg,/5304.jpg,[attribute_code::frenchie_size][label::Size][position::0],[label::][attribute_code::frenchie_size][is_percent::0][pricing_value::],"35, 88, 52, 37, 116",admin,base,Default,configurable,Enabled,Taxable Goods,"Catalog, Search",1,1,1,9999
5308,"Blue Jeggings
","5308-6M,5308-9M,5308-12M,5308-18M,5308-2T,5308-3T,5308-4T,5308-5Y,5308-6Y,5308-7Y,5308-8Y",Blue,"Blue Jeggings
","Blue Jeggings
",18,/5308.jpg,/5308.jpg,/5308.jpg,[attribute_code::frenchie_size][label::Size][position::0],[label::][attribute_code::frenchie_size][is_percent::0][pricing_value::],"35, 88, 95, 37, 117",admin,base,Default,configurable,Enabled,Taxable Goods,"Catalog, Search",1,1,1,9999
5309,"Dark Denim Jeggings
","5309-6M,5309-9M,5309-12M,5309-18M",Denim,"Dark Denim Jeggings
","Dark Denim Jeggings
",18,/5309.jpg,/5309.jpg,/5309.jpg,[attribute_code::frenchie_size][label::Size][position::0],[label::][attribute_code::frenchie_size][is_percent::0][pricing_value::],"35, 88, 95, 37, 117",admin,base,Default,configurable,Enabled,Taxable Goods,"Catalog, Search",1,1,1,9999
5313,"Pink Stretchie Pant
","5313-6M,5313-9M,5313-12M,5313-18M,5313-2T,5313-3T,5313-4T,5313-5Y",Pink,"Pink Stretchie Pant
","Pink Stretchie Pant
",16,/5313.jpg,/5313.jpg,/5313.jpg,[attribute_code::frenchie_size][label::Size][position::0],[label::][attribute_code::frenchie_size][is_percent::0][pricing_value::],"35, 88, 95, 37, 117",admin,base,Default,configurable,Enabled,Taxable Goods,"Catalog, Search",1,1,1,9999
5314,White horse button down,"53146M,5314-9M,5314-12M,5314-18M,5314-2T,5314-3T,5314-4T",White,White horse button down,White horse button down,32,/5314.jpg,/5314.jpg,/5314.jpg,[attribute_code::frenchie_size][label::Size][position::0],[label::][attribute_code::frenchie_size][is_percent::0][pricing_value::],"35, 52, 87, 10, 43",admin,base,Default,configurable,Enabled,Taxable Goods,"Catalog, Search",1,1,1,9999
5315,White Mandrian Collar with Blue Dots,"5315-6M,5315-9M,5315-12M,5315-18M,5315-2T,5315-3T,5315-4T,5315-5Y,5315-6Y,5315-7Y,5315-8Y",White,White Mandrian Collar with Blue Dots,White Mandrian Collar with Blue Dots,32,/5315.jpg,/5315.jpg,/5315.jpg,[attribute_code::frenchie_size][label::Size][position::0],[label::][attribute_code::frenchie_size][is_percent::0][pricing_value::],"35, 52, 87, 10, 43",admin,base,Default,configurable,Enabled,Taxable Goods,"Catalog, Search",1,1,1,9999
5316,Blue Mandrian Collar with Blue Dots,"5316-6M,5316-9M,5316-12M,5316-18M,5316-2T,5316-3T,5316-4T,5316-5Y,5316-6Y,5316-7Y,5316-8Y",Blue,Blue Mandrian Collar with Blue Dots,Blue Mandrian Collar with Blue Dots,32,/5316.jpg,/5316.jpg,/5316.jpg,[attribute_code::frenchie_size][label::Size][position::0],[label::][attribute_code::frenchie_size][is_percent::0][pricing_value::],"35, 52, 87, 10, 43",admin,base,Default,configurable,Enabled,Taxable Goods,"Catalog, Search",1,1,1,9999
5318,Lt Grey Polo Shirt,"5318-12M,5318-18M,5318-2T,5318-3T,5318-4T,5318-5Y,5318-6Y,5318-7Y,5318-8Y",Grey,Lt Grey Polo Shirt,Lt Grey Polo Shirt,19,/5318.jpg,/5318.jpg,/5318.jpg,[attribute_code::frenchie_size][label::Size][position::0],[label::][attribute_code::frenchie_size][is_percent::0][pricing_value::],"35, 52, 87, 10, 43",admin,base,Default,configurable,Enabled,Taxable Goods,"Catalog, Search",1,1,1,9999
5319,Florescent Yellow Polo Shirt,"5319-12M,5319-18M,5319-2T,5319-3T,5319-4T,5319-5Y,5319-6Y,5319-7Y,5319-8Y",Yellow,Florescent Yellow Polo Shirt,Florescent Yellow Polo Shirt,19,/5319.jpg,/5319.jpg,/5319.jpg,[attribute_code::frenchie_size][label::Size][position::0],[label::][attribute_code::frenchie_size][is_percent::0][pricing_value::],"35, 52, 87, 10, 43",admin,base,Default,configurable,Enabled,Taxable Goods,"Catalog, Search",1,1,1,9999
5320,Blue Polo Shirt,"5320-12M,5320-18M,5320-2T,5320-3T,5320-4T,5320-5Y,5320-6Y,5320-7Y,5320-8Y",Blue,Blue Polo Shirt,Blue Polo Shirt,19,/5320.jpg,/5320.jpg,/5320.jpg,[attribute_code::frenchie_size][label::Size][position::0],[label::][attribute_code::frenchie_size][is_percent::0][pricing_value::],"35, 52, 87, 10, 43",admin,base,Default,configurable,Enabled,Taxable Goods,"Catalog, Search",1,1,1,9999
5325,Blue Denim Heart Ruffle Shirt,"5325-3M,5325-6M,5325-9M,5325-12M,5325-18M,5325-2T,5325-3T,5325-4T,5325-5Y,5325-6Y,5325-7Y,5325-8Y",Denim,Blue Denim Heart Ruffle Shirt,Blue Denim Heart Ruffle Shirt,15,/5325.jpg,/5325.jpg,/5325.jpg,[attribute_code::frenchie_size][label::Size][position::0],[label::][attribute_code::frenchie_size][is_percent::0][pricing_value::],"35, 88, 52, 37, 116",admin,base,Default,configurable,Enabled,Taxable Goods,"Catalog, Search",1,1,1,9999
5328,Polka Dot Skirt,"5328-12M,5328-18M,5328-2T,5328-3T",Black,Polka Dot Skirt,Polka Dot Skirt,15,/5328.jpg,/5328.jpg,/5328.jpg,[attribute_code::frenchie_size][label::Size][position::0],[label::][attribute_code::frenchie_size][is_percent::0][pricing_value::],"35, 88, 56, 37, 118",admin,base,Default,configurable,Enabled,Taxable Goods,"Catalog, Search",1,1,1,9999
5329,Blue Chambray shirt with Turquise Trim,"5329-12M,5329-18M,5329-2T,5329-3T,5329-4T,5329-5Y,5329-6Y,5329-7Y,5329-8Y",Blue,Blue Chambray shirt with Turquise Trim,Blue Chambray shirt with Turquise Trim,32,/5329.jpg,/5329.jpg,/5329.jpg,[attribute_code::frenchie_size][label::Size][position::0],[label::][attribute_code::frenchie_size][is_percent::0][pricing_value::],"35, 52, 87, 10, 43",admin,base,Default,configurable,Enabled,Taxable Goods,"Catalog, Search",1,1,1,9999
5333,Purple Short Sleeve Ruffle Bodysuit ,"5333-6M,5333-12M,5333-18M",Purple,Purple Short Sleeve Ruffle Bodysuit ,Purple Short Sleeve Ruffle Bodysuit ,15,/5333.jpg,/5333.jpg,/5333.jpg,[attribute_code::frenchie_size][label::Size][position::0],[label::][attribute_code::frenchie_size][is_percent::0][pricing_value::],"35, 88, 94",admin,base,Default,configurable,Enabled,Taxable Goods,"Catalog, Search",1,1,1,9999
5334,Hot Pink Short Sleeve Ruffle Bodysuit ,"5334-6M,5334-12M,5334-18M",Pink,Hot Pink Short Sleeve Ruffle Bodysuit ,Hot Pink Short Sleeve Ruffle Bodysuit ,15,/5334.jpg,/5334.jpg,/5334.jpg,[attribute_code::frenchie_size][label::Size][position::0],[label::][attribute_code::frenchie_size][is_percent::0][pricing_value::],"35, 88, 94",admin,base,Default,configurable,Enabled,Taxable Goods,"Catalog, Search",1,1,1,9999
5335,White Short Sleeve Ruffle Bodysuit ,"5335-6M,5335-12M,5335-18M",White,White Short Sleeve Ruffle Bodysuit ,White Short Sleeve Ruffle Bodysuit ,15,/5335.jpg,/5335.jpg,/5335.jpg,[attribute_code::frenchie_size][label::Size][position::0],[label::][attribute_code::frenchie_size][is_percent::0][pricing_value::],"35, 88, 94",admin,base,Default,configurable,Enabled,Taxable Goods,"Catalog, Search",1,1,1,9999
5336,Purple Ruffle Tunic Tank ,"5336-6M,5336-12M,5336-18M,5336-24M,5336-2T,5336-3T,5336-4T",PUrple,Purple Ruffle Tunic Tank ,Purple Ruffle Tunic Tank ,19,/5336.jpg,/5336.jpg,/5336.jpg,[attribute_code::frenchie_size][label::Size][position::0],[label::][attribute_code::frenchie_size][is_percent::0][pricing_value::],"35, 88, 52, 37, 116",admin,base,Default,configurable,Enabled,Taxable Goods,"Catalog, Search",1,1,1,9999
5337,Hot Pink Ruffle Tunic Tank ,"5337-6M,5337-12M,5337-18M,5337-24M,5337-2T,5337-3T,5337-4T",Pink,Hot Pink Ruffle Tunic Tank ,Hot Pink Ruffle Tunic Tank ,19,/5337.jpg,/5337.jpg,/5337.jpg,[attribute_code::frenchie_size][label::Size][position::0],[label::][attribute_code::frenchie_size][is_percent::0][pricing_value::],"35, 88, 52, 37, 116",admin,base,Default,configurable,Enabled,Taxable Goods,"Catalog, Search",1,1,1,9999
5338,White Ruffle Tunic Tank ,"5338-6M,5338-12M,5338-18M,5338-24M,5338-2T,5338-3T,5338-4T",White,White Ruffle Tunic Tank ,White Ruffle Tunic Tank ,19,/5338.jpg,/5338.jpg,/5338.jpg,[attribute_code::frenchie_size][label::Size][position::0],[label::][attribute_code::frenchie_size][is_percent::0][pricing_value::],"35, 88, 52, 37, 116",admin,base,Default,configurable,Enabled,Taxable Goods,"Catalog, Search",1,1,1,9999
5347,Black polka dot top,"5347-3M,5347-6M,5347-9M,5347-12M,5347-18M,5347-2T,5347-3T",Black,Black polka dot top,Black polka dot top,15,/5347.jpg,/5347.jpg,/5347.jpg,[attribute_code::frenchie_size][label::Size][position::0],[label::][attribute_code::frenchie_size][is_percent::0][pricing_value::],"35, 88, 52, 37, 116",admin,base,Default,configurable,Enabled,Taxable Goods,"Catalog, Search",1,1,1,9999
5368,Purple Ruffle Tunic Pant ,"5368-6M,5368-12M,5368-18M,5368-24M",PUrple,Purple Ruffle Tunic Pant ,Purple Ruffle Tunic Pant ,13,/5368.jpg,/5368.jpg,/5368.jpg,[attribute_code::frenchie_size][label::Size][position::0],[label::][attribute_code::frenchie_size][is_percent::0][pricing_value::],"35, 88, 95, 37, 117",admin,base,Default,configurable,Enabled,Taxable Goods,"Catalog, Search",1,1,1,9999
5369,Hot Pink Ruffle Tunic Pant ,"5369-6M,5369-12M,5369-18M,5369-24M,5369-2T,5369-3T,5369-4T",Pink,Hot Pink Ruffle Tunic Pant ,Hot Pink Ruffle Tunic Pant ,13,/5369.jpg,/5369.jpg,/5369.jpg,[attribute_code::frenchie_size][label::Size][position::0],[label::][attribute_code::frenchie_size][is_percent::0][pricing_value::],"35, 88, 95, 37, 117",admin,base,Default,configurable,Enabled,Taxable Goods,"Catalog, Search",1,1,1,9999
5376,Green Elastic Waist short,"5376-6M,5376-9M,5376-12M,5376-18M,5376-2T,5376-3T,5376-4T,5376-5Y,5376-6Y,5376-7Y,5376-8Y",Green,Green Elastic Waist short,Green Elastic Waist short,20,/5376.jpg,/5376.jpg,/5376.jpg,[attribute_code::frenchie_size][label::Size][position::0],[label::][attribute_code::frenchie_size][is_percent::0][pricing_value::],"35 ,52, 89, 10, 96",admin,base,Default,configurable,Enabled,Taxable Goods,"Catalog, Search",1,1,1,9999
5377,Khaki elastic waist short,"5377-6M,5377-9M,5377-12M,5377-18M,5377-2T,5377-3T,5377-4T,5377-5Y,5377-6Y,5377-7Y,5377-8Y",Khaki,Khaki elastic waist short,Khaki elastic waist short,20,/5377.jpg,/5377.jpg,/5377.jpg,[attribute_code::frenchie_size][label::Size][position::0],[label::][attribute_code::frenchie_size][is_percent::0][pricing_value::],"35 ,52, 89, 10, 96",admin,base,Default,configurable,Enabled,Taxable Goods,"Catalog, Search",1,1,1,9999
5378,Neon Yellow Elastic waist short,"5378-6M,5378-9M,5378-12M,5378-18M,5378-2T,5378-3T,5378-4T,5378-5Y,5378-6Y,5378-7Y,5378-8Y",Yellow,Neon Yellow Elastic waist short,Neon Yellow Elastic waist short,20,/5378.jpg,/5378.jpg,/5378.jpg,[attribute_code::frenchie_size][label::Size][position::0],[label::][attribute_code::frenchie_size][is_percent::0][pricing_value::],"35 ,52, 89, 10, 96",admin,base,Default,configurable,Enabled,Taxable Goods,"Catalog, Search",1,1,1,9999
5379,Navy Elastic waist short,"5379-6M,5379-9M,5379-12M,5379-18M,5379-2T,5379-3T,5379-4T,5379-5Y,5379-6Y,5379-7Y,5379-8Y",Navy,Navy Elastic waist short,Navy Elastic waist short,20,/5379.jpg,/5379.jpg,/5379.jpg,[attribute_code::frenchie_size][label::Size][position::0],[label::][attribute_code::frenchie_size][is_percent::0][pricing_value::],"35 ,52, 89, 10, 96",admin,base,Default,configurable,Enabled,Taxable Goods,"Catalog, Search",1,1,1,9999
5380,Green elastic waist pant,"5380-6M,5380-9M,5380-12M,5380-18M,5380-2T,5380-3T,5380-4T,5380-5Y,5380-6Y,5380-7Y",Green,Green elastic waist pant,Green elastic waist pant,23,/5380.jpg,/5380.jpg,/5380.jpg,[attribute_code::frenchie_size][label::Size][position::0],[label::][attribute_code::frenchie_size][is_percent::0][pricing_value::],"35, 52, 95, 10, 109",admin,base,Default,configurable,Enabled,Taxable Goods,"Catalog, Search",1,1,1,9999
5381,Khaki elastic waist pant,"5381-6M,5381-9M,5381-12M,5381-18M,5381-2T,5381-3T,5381-4T,5381-5Y,5381-6Y,5381-7Y,5381-8Y",Khaki,Khaki elastic waist pant,Khaki elastic waist pant,23,/5381.jpg,/5381.jpg,/5381.jpg,[attribute_code::frenchie_size][label::Size][position::0],[label::][attribute_code::frenchie_size][is_percent::0][pricing_value::],"35, 52, 95, 10, 109",admin,base,Default,configurable,Enabled,Taxable Goods,"Catalog, Search",1,1,1,9999
5382,Neon Yellow elastic waist pant,"5382-6M,5382-9M,5382-12M,5382-18M,5382-2T,5382-3T,5382-4T,5382-5Y,5382-6Y,5382-7Y,5382-8Y",Yellow,Neon Yellow elastic waist pant,Neon Yellow elastic waist pant,23,/5382.jpg,/5382.jpg,/5382.jpg,[attribute_code::frenchie_size][label::Size][position::0],[label::][attribute_code::frenchie_size][is_percent::0][pricing_value::],"35, 52, 95, 10, 109",admin,base,Default,configurable,Enabled,Taxable Goods,"Catalog, Search",1,1,1,9999
5383,Navy elastic waist pant,"5383-6M,5383-9M,5383-12M,5383-18M,5383-2T,5383-3T,5383-4T,5383-5Y,5383-6Y,5383-7Y,5383-8Y",Navy,Navy elastic waist pant,Navy elastic waist pant,23,/5383.jpg,/5383.jpg,/5383.jpg,[attribute_code::frenchie_size][label::Size][position::0],[label::][attribute_code::frenchie_size][is_percent::0][pricing_value::],"35, 52, 95, 10, 109",admin,base,Default,configurable,Enabled,Taxable Goods,"Catalog, Search",1,1,1,9999
5384,White Chino Short,"5384-6M,5384-9M,5384-12M,5384-18M,5384-2T,5384-3T,5384-4T,5384-5Y,5384-6Y,5384-7Y,5384-8Y",White ,White Chino Short,White Chino Short,25,/5384.jpg,/5384.jpg,/5384.jpg,[attribute_code::frenchie_size][label::Size][position::0],[label::][attribute_code::frenchie_size][is_percent::0][pricing_value::],"35 ,52, 89, 10, 96",admin,base,Default,configurable,Enabled,Taxable Goods,"Catalog, Search",1,1,1,9999
5386,Purple Ruffle Tunic Pant ,"5386-2T,5386-3T,5386-4T",PUrple,Purple Ruffle Tunic Pant ,Purple Ruffle Tunic Pant ,13,/5386.jpg,/5386.jpg,/5386.jpg,[attribute_code::frenchie_size][label::Size][position::0],[label::][attribute_code::frenchie_size][is_percent::0][pricing_value::],"35, 88, 95, 37, 117",admin,base,Default,configurable,Enabled,Taxable Goods,"Catalog, Search",1,1,1,9999
5387,Yellow eyelet romper,"5387-3M,5387-6M,5387-12M",Yellow,Yellow eyelet romper,Yellow eyelet romper,20,/5387.jpg,/5387.jpg,/5387.jpg,[attribute_code::frenchie_size][label::Size][position::0],[label::][attribute_code::frenchie_size][is_percent::0][pricing_value::],"35, 88, 112",admin,base,Default,configurable,Enabled,Taxable Goods,"Catalog, Search",1,1,1,9999
5389,Gray Tipped Cardigan ,"5389-6M,5389-9M,5389-12M,5389-18M,5389-2T,5389-3T,5389-4T,5389-5Y,5389-6Y,5389-7Y,5389-8Y",Grey,Gray Tipped Cardigan ,Gray Tipped Cardigan ,35,/5389.jpg,/5389.jpg,/5389.jpg,[attribute_code::frenchie_size][label::Size][position::0],[label::][attribute_code::frenchie_size][is_percent::0][pricing_value::],"35, 52, 54, 10, 45",admin,base,Default,configurable,Enabled,Taxable Goods,"Catalog, Search",1,1,1,9999
5403,Mustard Chino Skirt,"5403-2T,5403-3T,5403-4T,5403-5Y,5403-6Y,5403-7Y,5403-8Y,5403-10Y,5403-12Y,5403-14Y,5403-16Y",Mustard,Mustard Chino Skirt,Mustard Chino Skirt,20,/5403.jpg,/5403.jpg,/5403.jpg,[attribute_code::frenchie_size][label::Size][position::0],[label::][attribute_code::frenchie_size][is_percent::0][pricing_value::],"37, 118",admin,base,Default,configurable,Enabled,Taxable Goods,"Catalog, Search",1,1,1,9999
5405,Denim leggings,"5405-2T,5405-3T,5405-4T,5405-5Y,5405-6Y,5405-7Y,5405-8Y",Denim,Denim leggings,Denim leggings,20,/5405.jpg,/5405.jpg,/5405.jpg,[attribute_code::frenchie_size][label::Size][position::0],[label::][attribute_code::frenchie_size][is_percent::0][pricing_value::],"37, 117",admin,base,Default,configurable,Enabled,Taxable Goods,"Catalog, Search",1,1,1,9999
5410,Denim Jeggings,"5410-3M,5410-6M,5410-9M,5410-12M,5410-18M,5410-2T,5410-3T,5410-4T,5410-5Y,5410-6Y,5410-7Y,5410-8Y",Denim,"Denim Jeggings
","Denim Jeggings
",18,/5410.jpg,/5410.jpg,/5410.jpg,[attribute_code::frenchie_size][label::Size][position::0],[label::][attribute_code::frenchie_size][is_percent::0][pricing_value::],"35, 88, 95, 37, 117",admin,base,Default,configurable,Enabled,Taxable Goods,"Catalog, Search",1,1,1,9999
5411,"Hot Pink Jeggings
","5411-3M,5411-6M,5411-9M,5411-12M,5411-18M,5411-2T,5411-3T,5411-4T,5411-5Y",Pink,"Hot Pink Jeggings
","Hot Pink Jeggings
",18,/5411.jpg,/5411.jpg,/5411.jpg,[attribute_code::frenchie_size][label::Size][position::0],[label::][attribute_code::frenchie_size][is_percent::0][pricing_value::],"35, 88, 95, 37, 117",admin,base,Default,configurable,Enabled,Taxable Goods,"Catalog, Search",1,1,1,9999
5412,"White Jeggings
","5412-6M,5412-9M,5412-12M,5412-18M,5412-2T,5412-3T,5412-4T,5412-5Y,5412-6Y,5412-7Y,5412-8Y",White,"White Jeggings
","White Jeggings
",18,/5412.jpg,/5412.jpg,/5412.jpg,[attribute_code::frenchie_size][label::Size][position::0],[label::][attribute_code::frenchie_size][is_percent::0][pricing_value::],"35, 88, 95, 37, 117",admin,base,Default,configurable,Enabled,Taxable Goods,"Catalog, Search",1,1,1,9999
5413,Grey Chino Short,"5413-6M,5413-9M,5413-12M,5413-18M,5413-2T,5413-3T,5413-4T,5413-5Y,5413-6Y,5413-7Y,5413-8Y",Grey,Grey Chino Short,Grey Chino Short,25,/5413.jpg,/5413.jpg,/5413.jpg,[attribute_code::frenchie_size][label::Size][position::0],[label::][attribute_code::frenchie_size][is_percent::0][pricing_value::],"35 ,52, 89, 10, 96",admin,base,Default,configurable,Enabled,Taxable Goods,"Catalog, Search",1,1,1,9999
5420,White Ruffle Tunic Pant ,"5420-6M,5420-12M,5420-18M,5420-24M,5420-2T,5420-3T,5420-4T",White,White Ruffle Tunic Pant ,White Ruffle Tunic Pant ,13,/5420.jpg,/5420.jpg,/5420.jpg,[attribute_code::frenchie_size][label::Size][position::0],[label::][attribute_code::frenchie_size][is_percent::0][pricing_value::],"35, 88, 95, 37, 117",admin,base,Default,configurable,Enabled,Taxable Goods,"Catalog, Search",1,1,1,9999
5421,Purple Ruffle Dress ,"5421-12M,5421-18M,5421-24M,5421-2T,5421-3T,5421-4T",Purple,Purple Ruffle Dress ,Purple Ruffle Dress ,20,/5421.jpg,/5421.jpg,/5421.jpg,[attribute_code::frenchie_size][label::Size][position::0],[label::][attribute_code::frenchie_size][is_percent::0][pricing_value::],"35, 88, 56, 37, 65",admin,base,Default,configurable,Enabled,Taxable Goods,"Catalog, Search",1,1,1,9999
5422,Hot Pink Ruffle Dress,"5422-12M,5422-18M,5422-24M,5422-2T,5422-3T,5422-4T",Pink,Hot Pink Ruffle Dress,Hot Pink Ruffle Dress,20,/5422.jpg,/5422.jpg,/5422.jpg,[attribute_code::frenchie_size][label::Size][position::0],[label::][attribute_code::frenchie_size][is_percent::0][pricing_value::],"35, 88, 56, 37, 65",admin,base,Default,configurable,Enabled,Taxable Goods,"Catalog, Search",1,1,1,9999
5423,White Ruffle Dress,"5423-12M,5423-18M,5423-24M,5423-2T,5423-3T,5423-4T",White,White Ruffle Dress,White Ruffle Dress,20,/5423.jpg,/5423.jpg,/5423.jpg,[attribute_code::frenchie_size][label::Size][position::0],[label::][attribute_code::frenchie_size][is_percent::0][pricing_value::],"35, 88, 56, 37, 65",admin,base,Default,configurable,Enabled,Taxable Goods,"Catalog, Search",1,1,1,9999
5424,Purple Ruffle Tutu Dress ,"5424-18M,5424-24M,5424-2T,5424-3T,5424-4T",Purple,Purple Ruffle Tutu Dress ,Purple Ruffle Tutu Dress ,20,/5424.jpg,/5424.jpg,/5424.jpg,[attribute_code::frenchie_size][label::Size][position::0],[label::][attribute_code::frenchie_size][is_percent::0][pricing_value::],"35, 88, 56, 37, 65",admin,base,Default,configurable,Enabled,Taxable Goods,"Catalog, Search",1,1,1,9999
5425,Hot Pink Ruffle Tutu Dress,"5425-18M,5425-24M,5425-2T,5425-3T,5425-4T",Pink,Hot Pink Ruffle Tutu Dress,Hot Pink Ruffle Tutu Dress,20,/5425.jpg,/5425.jpg,/5425.jpg,[attribute_code::frenchie_size][label::Size][position::0],[label::][attribute_code::frenchie_size][is_percent::0][pricing_value::],"35, 88, 56, 37, 65",admin,base,Default,configurable,Enabled,Taxable Goods,"Catalog, Search",1,1,1,9999
5426,White Ruffle Tutu Dress,"5426-18M,5426-24M,5426-2T,5426-3T,5426-4T",White,White Ruffle Tutu Dress,White Ruffle Tutu Dress,20,/5426.jpg,/5426.jpg,/5426.jpg,[attribute_code::frenchie_size][label::Size][position::0],[label::][attribute_code::frenchie_size][is_percent::0][pricing_value::],"35, 88, 56, 37, 65",admin,base,Default,configurable,Enabled,Taxable Goods,"Catalog, Search",1,1,1,9999
5427,Purple Ruffle Tutu Bodysuit ,"5427-6M,5427-12M,5427-18M,5427-24M",Purple,Purple Ruffle Tutu Bodysuit ,Purple Ruffle Tutu Bodysuit ,22,/5427.jpg,/5427.jpg,/5427.jpg,[attribute_code::frenchie_size][label::Size][position::0],[label::][attribute_code::frenchie_size][is_percent::0][pricing_value::],"35, 88, 56",admin,base,Default,configurable,Enabled,Taxable Goods,"Catalog, Search",1,1,1,9999
5428,Hot Pink Ruffle Tutu Bodysuit,"5428-6M,5428-12M,5428-18M,5428-24M",Pink,Hot Pink Ruffle Tutu Bodysuit,Hot Pink Ruffle Tutu Bodysuit,22,/5428.jpg,/5428.jpg,/5428.jpg,[attribute_code::frenchie_size][label::Size][position::0],[label::][attribute_code::frenchie_size][is_percent::0][pricing_value::],"35, 88, 56",admin,base,Default,configurable,Enabled,Taxable Goods,"Catalog, Search",1,1,1,9999
5429,White Ruffle Tutu Bodysuit,"5429-6M,5429-12M,5429-18M,5429-24M",White,White Ruffle Tutu Bodysuit,White Ruffle Tutu Bodysuit,22,/5429.jpg,/5429.jpg,/5429.jpg,[attribute_code::frenchie_size][label::Size][position::0],[label::][attribute_code::frenchie_size][is_percent::0][pricing_value::],"35, 88, 56",admin,base,Default,configurable,Enabled,Taxable Goods,"Catalog, Search",1,1,1,9999
5478,"Yellow Jeggings
","5478-6M,5478-9M,5478-12M,5478-18M,5478-2T,5478-3T,5478-4T,5478-5Y",Yellow,"Yellow Jeggings
","Yellow Jeggings
",18,/5478.jpg,/5478.jpg,/5478.jpg,[attribute_code::frenchie_size][label::Size][position::0],[label::][attribute_code::frenchie_size][is_percent::0][pricing_value::],"35, 88, 95, 37, 117",admin,base,Default,configurable,Enabled,Taxable Goods,"Catalog, Search",1,1,1,9999
5503,Dark blue denim dress with light blue collar and waist,"5503-2T,5503-3T,5503-4T,5503-5Y,5503-6Y,5503-7Y,5503-8Y",Denim,Dark blue denim dress with light blue collar and waist,Dark blue denim dress with light blue collar and waist,35,/5503.jpg,/5503.jpg,/5503.jpg,[attribute_code::frenchie_size][label::Size][position::0],[label::][attribute_code::frenchie_size][is_percent::0][pricing_value::],"37, 65",admin,base,Default,configurable,Enabled,Taxable Goods,"Catalog, Search",1,1,1,9999
6506,Red and blue check shortsleeve shirt,"6506-6M,6506-9M,6506-12M,6506-18M,6506-2T,6506-3T,6506-4T,6506-5Y,6506-6Y,6506-7Y,6506-8Y",Red / Blue,Red and blue check shortsleeve shirt,Red and blue check shortsleeve shirt,32,/6506.jpg,/6506.jpg,/6506.jpg,[attribute_code::frenchie_size][label::Size][position::0],[label::][attribute_code::frenchie_size][is_percent::0][pricing_value::],"10, 43",admin,base,Default,configurable,Enabled,Taxable Goods,"Catalog, Search",1,1,1,9999
7497,Blue and Green large check short sleeve shirt,"7497-2T,7497-3T,7497-4T,7497-5Y,7497-6Y,7497-7Y,7497-8Y",Blue / Green,Blue and Green large check short sleeve shirt,Blue and Green large check short sleeve shirt,32,/7497.jpg,/7497.jpg,/7497.jpg,[attribute_code::frenchie_size][label::Size][position::0],[label::][attribute_code::frenchie_size][is_percent::0][pricing_value::],"10, 43",admin,base,Default,configurable,Enabled,Taxable Goods,"Catalog, Search",1,1,1,9999
7830,Orange and blue check shirt,"7830-18M,7830-2T,7830-3T,7830-4T,7830-5Y,7830-6Y,7830-7Y,7830-8Y,7830S/S-18M,7830S/S-2T,7830S/S-3T,7830S/S-4T,7830S/S-5Y,7830S/S-6Y,7830S/S-7Y,7830S/S-8Y",Orange/Blue,Orange and blue check shirt,Orange and blue check shirt,32,/7830.jpg,/7830.jpg,/7830.jpg,[attribute_code::frenchie_size][label::Size][position::0],[label::][attribute_code::frenchie_size][is_percent::0][pricing_value::],"10, 43",admin,base,Default,configurable,Enabled,Taxable Goods,"Catalog, Search",1,1,1,9999
7831,Blue Swiss Dot shirt,"7831-2T,7831-3T,7831-4T,7831-5Y,7831-6Y,7831-7Y,7831-8Y,7831B-6M,7831B-9M,7831B-12M,7831B-18M",Blue,Blue Swiss Dot shirt,Blue Swiss Dot shirt,32,/7831.jpg,/7831.jpg,/7831.jpg,[attribute_code::frenchie_size][label::Size][position::0],[label::][attribute_code::frenchie_size][is_percent::0][pricing_value::],"10, 43",admin,base,Default,configurable,Enabled,Taxable Goods,"Catalog, Search",1,1,1,9999
7837,Grey Henley t-shirt,"7837-6M,7837-9M,7837-12M,7837-18M,7837-2T,7837-3T,7837-4T,7837-5Y,7837-6Y,7837-7Y,7837-8Y",Grey,Grey Henley t-shirt,Grey Henley t-shirt,20,/7837.jpg,/7837.jpg,/7837.jpg,[attribute_code::frenchie_size][label::Size][position::0],[label::][attribute_code::frenchie_size][is_percent::0][pricing_value::],"35, 52, 87, 10, 43",admin,base,Default,configurable,Enabled,Taxable Goods,"Catalog, Search",1,1,1,9999
7838,Green Henley t-shirt,"7838-6M,7838-9M,7838-12M,7838-18M,7838-2T,7838-3T,7838-4T,7838-5Y,7838-6Y,7838-7Y,7838-8Y",Geen,Green Henley t-shirt,Green Henley t-shirt,20,/7838.jpg,/7838.jpg,/7838.jpg,[attribute_code::frenchie_size][label::Size][position::0],[label::][attribute_code::frenchie_size][is_percent::0][pricing_value::],"35, 52, 87, 10, 43",admin,base,Default,configurable,Enabled,Taxable Goods,"Catalog, Search",1,1,1,9999
7839,Lt Blue Henley t-shirt,"7839-6M,7839-9M,7839-12M,7839-18M,7839-2T,7839-3T,7839-4T,7839-5Y,7839-6Y,7839-7Y,7839-8Y",Lt. Blue,Lt Blue Henley t-shirt,Lt Blue Henley t-shirt,20,/7839.jpg,/7839.jpg,/7839.jpg,[attribute_code::frenchie_size][label::Size][position::0],[label::][attribute_code::frenchie_size][is_percent::0][pricing_value::],"35, 52, 87, 10, 43",admin,base,Default,configurable,Enabled,Taxable Goods,"Catalog, Search",1,1,1,9999
7842,Dark Grey Polo Shirt,"7842-12M,7842-18M,7842-2T,7842-3T,7842-4T,7842-5Y,7842-6Y,7842-7Y,7842-8Y",Grey,Dark Grey Polo Shirt,Dark Grey Polo Shirt,19,/7842.jpg,/7842.jpg,/7842.jpg,[attribute_code::frenchie_size][label::Size][position::0],[label::][attribute_code::frenchie_size][is_percent::0][pricing_value::],"35, 52, 87, 10, 43",admin,base,Default,configurable,Enabled,Taxable Goods,"Catalog, Search",1,1,1,9999
7843,Grey hooded short sleeved shirt,"7843-12M,7843-18M,7843-2T,7843-3T,7843-4T,7843-5Y,7843-6Y,7843-7Y,7843-8Y",Grey,Grey hooded short sleeved shirt,Grey hooded short sleeved shirt,23,/7843.jpg,/7843.jpg,/7843.jpg,[attribute_code::frenchie_size][label::Size][position::0],[label::][attribute_code::frenchie_size][is_percent::0][pricing_value::],"35, 52, 87, 10, 43",admin,base,Default,configurable,Enabled,Taxable Goods,"Catalog, Search",1,1,1,9999
7844,Green t-shirt with blue pocket,"7844-6M,7844-9M,7844-12M,7844-18M,7844-2T,7844-3T,7844-4T,7844-5Y,7844-6Y,7844-7Y,7844-8Y",Green,Green t-shirt with blue pocket,Green t-shirt with blue pocket,15,/7844.jpg,/7844.jpg,/7844.jpg,[attribute_code::frenchie_size][label::Size][position::0],[label::][attribute_code::frenchie_size][is_percent::0][pricing_value::],"35, 52, 87, 10, 43",admin,base,Default,configurable,Enabled,Taxable Goods,"Catalog, Search",1,1,1,9999
7849,Grey and yellow t-shirt,"7849-6M,7849-9M,7849-12M,7849-18M,7849-2T,7849-3T,7849-4T,7849-5Y,7849-6Y,7849-7Y,7849-8Y",Grey,Grey and yellow t-shirt,Grey and yellow t-shirt,15,/7849.jpg,/7849.jpg,/7849.jpg,[attribute_code::frenchie_size][label::Size][position::0],[label::][attribute_code::frenchie_size][is_percent::0][pricing_value::],"35, 52, 87, 10, 43",admin,base,Default,configurable,Enabled,Taxable Goods,"Catalog, Search",1,1,1,9999
7850,Blue v-neck t-shirt,"7850-6M,7850-9M,7850-12M,7850-18M,7850-2T,7850-3T,7850-4T,7850-5Y,7850-6Y,7850-7Y,7850-8Y",Blue,Blue v-neck t-shirt,Blue v-neck t-shirt,8.5,/7850.jpg,/7850.jpg,/7850.jpg,[attribute_code::frenchie_size][label::Size][position::0],[label::][attribute_code::frenchie_size][is_percent::0][pricing_value::],"35, 52, 87, 10, 43",admin,base,Default,configurable,Enabled,Taxable Goods,"Catalog, Search",1,1,1,9999
7851,Red v-neck boys t-shirt,"7851-6M,7851-9M,7851-12M,7851-18M,7851-2T,7851-3T,7851-4T,7851-5Y,7851-6Y,7851-7Y,7851-8Y",Red,Red v-neck boys t-shirt,Red v-neck boys t-shirt,8.5,/7851.jpg,/7851.jpg,/7851.jpg,[attribute_code::frenchie_size][label::Size][position::0],[label::][attribute_code::frenchie_size][is_percent::0][pricing_value::],"35, 52, 87, 10, 43",admin,base,Default,configurable,Enabled,Taxable Goods,"Catalog, Search",1,1,1,9999
7853,Orange tank romper,"7853-3M,7853-6M,7853-9M,7853-12M,7853-18M",Orange,Orange tank romper,Orange tank romper,20,/7853.jpg,/7853.jpg,/7853.jpg,[attribute_code::frenchie_size][label::Size][position::0],[label::][attribute_code::frenchie_size][is_percent::0][pricing_value::],"35, 52, 112",admin,base,Default,configurable,Enabled,Taxable Goods,"Catalog, Search",1,1,1,9999
7854,Blue tank romper,"7854-3M,7854-6M,7854-9M,7854-12M,7854-18M",Blue,Blue tank romper,Blue tank romper,20,/7854.jpg,/7854.jpg,/7854.jpg,[attribute_code::frenchie_size][label::Size][position::0],[label::][attribute_code::frenchie_size][is_percent::0][pricing_value::],"35, 52, 112",admin,base,Default,configurable,Enabled,Taxable Goods,"Catalog, Search",1,1,1,9999
7855,Green tank romper,"7855-3M,7855-6M,7855-9M,7855-12M,7855-18M",Green,Green tank romper,Green tank romper,20,/7855.jpg,/7855.jpg,/7855.jpg,[attribute_code::frenchie_size][label::Size][position::0],[label::][attribute_code::frenchie_size][is_percent::0][pricing_value::],"35, 52, 112",admin,base,Default,configurable,Enabled,Taxable Goods,"Catalog, Search",1,1,1,9999
7859,Black chambray romper,"7859-3M,7859-6M,7859-9M,7859-12M,7859-18M ",Black,Black chambray romper,Black chambray romper,20,/7859.jpg,/7859.jpg,/7859.jpg,[attribute_code::frenchie_size][label::Size][position::0],[label::][attribute_code::frenchie_size][is_percent::0][pricing_value::],"35, 52, 112",admin,base,Default,configurable,Enabled,Taxable Goods,"Catalog, Search",1,1,1,9999
7860,Purple and Grey t-shirt,"7860-6M,7860-9M,7860-12M,7860-18M,7860-2T,7860-3T,7860-4T,7860-5Y,7860-6Y,7860-7Y,7860-8Y",Purple,Purple and Grey t-shirt,Purple and Grey t-shirt,15,/7860.jpg,/7860.jpg,/7860.jpg,[attribute_code::frenchie_size][label::Size][position::0],[label::][attribute_code::frenchie_size][is_percent::0][pricing_value::],"35, 52, 87, 10, 43",admin,base,Default,configurable,Enabled,Taxable Goods,"Catalog, Search",1,1,1,9999
9001,Yellow / Black Heathered Shirt with Navy Pocket and Trim ,"9001-6M,9001-9M,9001-12M,9001-18M,9001-2T,9001-3T,9001-4T,9001-5Y,9001-6Y,9001-7Y,9001-8Y",Yellow,Yellow / Black Heathered Shirt with Navy Pocket and Trim ,Yellow / Black Heathered Shirt with Navy Pocket and Trim ,20,/9001.jpg,/9001.jpg,/9001.jpg,[attribute_code::frenchie_size][label::Size][position::0],[label::][attribute_code::frenchie_size][is_percent::0][pricing_value::],"35, 52, 87, 10, 43",admin,base,Default,configurable,Enabled,Taxable Goods,"Catalog, Search",1,1,1,9999
9002,Orange Speckled Bodysuit with Navy Chambray Tie ,"9002-3T,9002-4T,9002-5Y,9002-6Y,9002-7Y,9002-8Y,9002B-6M,9002B-9M,9002B-12M,9002B-18M,9002-2T",Orange,Orange Speckled Bodysuit with Navy Chambray Tie ,Orange Speckled Bodysuit with Navy Chambray Tie ,20,/9002.jpg,/9002.jpg,/9002.jpg,[attribute_code::frenchie_size][label::Size][position::0],[label::][attribute_code::frenchie_size][is_percent::0][pricing_value::],"10, 43",admin,base,Default,configurable,Enabled,Taxable Goods,"Catalog, Search",1,1,1,9999
9176,Light Grey Headphone Bodysuit ,"9176-3M,9176-6M,9176-9M,9176-12M",Grey,Light Grey Headphone Bodysuit ,Light Grey Headphone Bodysuit ,20,/9176.jpg,/9176.jpg,/9176.jpg,[attribute_code::frenchie_size][label::Size][position::0],[label::][attribute_code::frenchie_size][is_percent::0][pricing_value::],"35, 52, 94",admin,base,Default,configurable,Enabled,Taxable Goods,"Catalog, Search",1,1,1,9999
9180,Light Grey Headphone Shirt,"9180-18M,9180-2T,9180-3T,9180-4T,9180-5Y,9180-6Y,9180-7Y,9180-8Y",Grey,Light Grey Headphone Shirt,Light Grey Headphone Shirt,20,/9180.jpg,/9180.jpg,/9180.jpg,[attribute_code::frenchie_size][label::Size][position::0],[label::][attribute_code::frenchie_size][is_percent::0][pricing_value::],"35, 52, 87, 10, 43",admin,base,Default,configurable,Enabled,Taxable Goods,"Catalog, Search",1,1,1,9999
9188,Light Blue Headphone Bodysuit,"9188-3M,9188-6M,9188-9M,9188-12M",Blue,Light Blue Headphone Bodysuit,Light Blue Headphone Bodysuit,20,/9188.jpg,/9188.jpg,/9188.jpg,[attribute_code::frenchie_size][label::Size][position::0],[label::][attribute_code::frenchie_size][is_percent::0][pricing_value::],"35, 52, 94",admin,base,Default,configurable,Enabled,Taxable Goods,"Catalog, Search",1,1,1,9999
9192,Light Blue Headphone Shirt,"9192-18M,9192-2T,9192-3T,9192-4T,9192-5Y,9192-6Y,9192-7Y,9192-8Y",Blue,Light Blue Headphone Shirt,Light Blue Headphone Shirt,20,/9192.jpg,/9192.jpg,/9192.jpg,[attribute_code::frenchie_size][label::Size][position::0],[label::][attribute_code::frenchie_size][is_percent::0][pricing_value::],"35, 52, 87, 10, 43",admin,base,Default,configurable,Enabled,Taxable Goods,"Catalog, Search",1,1,1,9999
9200,Mustard Headphone Bodysuit ,"9200-3M,9200-6M,9200-9M,9200-12M",Mustard,Mustard Headphone Bodysuit ,Mustard Headphone Bodysuit ,20,/9200.jpg,/9200.jpg,/9200.jpg,[attribute_code::frenchie_size][label::Size][position::0],[label::][attribute_code::frenchie_size][is_percent::0][pricing_value::],"35, 52, 94",admin,base,Default,configurable,Enabled,Taxable Goods,"Catalog, Search",1,1,1,9999
9204,Mustard Headphone Shirt,"9204-18M,9204-2T,9204-3T,9204-4T,9204-5Y,9204-6Y,9204-7Y,9204-8Y",Mustard,Mustard Headphone Shirt,Mustard Headphone Shirt,20,/9204.jpg,/9204.jpg,/9204.jpg,[attribute_code::frenchie_size][label::Size][position::0],[label::][attribute_code::frenchie_size][is_percent::0][pricing_value::],"35, 52, 87, 10, 43",admin,base,Default,configurable,Enabled,Taxable Goods,"Catalog, Search",1,1,1,9999
7830S/S,Orange and blue check s/s shirt,"7830S/S-18M,7830S/S-2T,7830S/S-3T,7830S/S-4T,7830S/S-5Y,7830S/S-6Y,7830S/S-7Y,7830S/S-8Y",Orange/Blue,Orange and blue check s/s shirt,Orange and blue check s/s shirt,32,/7830S/S.jpg,/7830S/S.jpg,/7830S/S.jpg,[attribute_code::frenchie_size][label::Size][position::0],[label::][attribute_code::frenchie_size][is_percent::0][pricing_value::],"10, 43",admin,base,Default,configurable,Enabled,Taxable Goods,"Catalog, Search",1,1,1,9999
7831B,Blue Swiss Dot Bodysuit,"7831B-6M,7831B-9M,7831B-12M,7831B-18M",Blue,Blue Swiss Dot Bodysuit,Blue Swiss Dot Bodysuit,32,/7831B.jpg,/7831B.jpg,/7831B.jpg,[attribute_code::frenchie_size][label::Size][position::0],[label::][attribute_code::frenchie_size][is_percent::0][pricing_value::],"35, 52, 94",admin,base,Default,configurable,Enabled,Taxable Goods,"Catalog, Search",1,1,1,9999
9002B,Orange Speckled Bodysuit with Navy Chambray Tie ,"9002B-6M,9002B-9M,9002B-12M,9002B-18M",Orange,Orange Speckled Bodysuit with Navy Chambray Tie ,Orange Speckled Bodysuit with Navy Chambray Tie ,20,/9002B.jpg,/9002B.jpg,/9002B.jpg,[attribute_code::frenchie_size][label::Size][position::0],[label::][attribute_code::frenchie_size][is_percent::0][pricing_value::],"35, 52, 94",admin,base,Default,configurable,Enabled,Taxable Goods,"Catalog, Search",1,1,1,9999
