sku,description,frenchie_size,price,name,category,color,gender
6506-6M,Red and blue check shortsleeve shirt,6 M,32,Red and blue check shortsleeve shirt,Boys Shirts,Red / Blue,Boys
6506-9M,Red and blue check shortsleeve shirt,9 M,32,Red and blue check shortsleeve shirt,Boys Shirts,Red / Blue,Boys
6506-12M,Red and blue check shortsleeve shirt,12 M,32,Red and blue check shortsleeve shirt,Boys Shirts,Red / Blue,Boys
6506-18M,Red and blue check shortsleeve shirt,18 M,32,Red and blue check shortsleeve shirt,Boys Shirts,Red / Blue,Boys
6506-2T,Red and blue check shortsleeve shirt,2T,32,Red and blue check shortsleeve shirt,Boys Shirts,Red / Blue,Boys
6506-3T,Red and blue check shortsleeve shirt,3T,32,Red and blue check shortsleeve shirt,Boys Shirts,Red / Blue,Boys
6506-4T,Red and blue check shortsleeve shirt,4T,32,Red and blue check shortsleeve shirt,Boys Shirts,Red / Blue,Boys
6506-5Y,Red and blue check shortsleeve shirt,5,32,Red and blue check shortsleeve shirt,Boys Shirts,Red / Blue,Boys
6506-6Y,Red and blue check shortsleeve shirt,6,32,Red and blue check shortsleeve shirt,Boys Shirts,Red / Blue,Boys
6506-7Y,Red and blue check shortsleeve shirt,7,32,Red and blue check shortsleeve shirt,Boys Shirts,Red / Blue,Boys
6506-8Y,Red and blue check shortsleeve shirt,8,32,Red and blue check shortsleeve shirt,Boys Shirts,Red / Blue,Boys
7497-2T,Blue and Green large check short sleeve shirt,2T,32,Blue and Green large check short sleeve shirt,Boys Shirts,Blue / Green,Boys
7497-3T,Blue and Green large check short sleeve shirt,3T,32,Blue and Green large check short sleeve shirt,Boys Shirts,Blue / Green,Boys
7497-4T,Blue and Green large check short sleeve shirt,4T,32,Blue and Green large check short sleeve shirt,Boys Shirts,Blue / Green,Boys
7497-5Y,Blue and Green large check short sleeve shirt,5,32,Blue and Green large check short sleeve shirt,Boys Shirts,Blue / Green,Boys
7497-6Y,Blue and Green large check short sleeve shirt,6,32,Blue and Green large check short sleeve shirt,Boys Shirts,Blue / Green,Boys
7497-7Y,Blue and Green large check short sleeve shirt,7,32,Blue and Green large check short sleeve shirt,Boys Shirts,Blue / Green,Boys
7497-8Y,Blue and Green large check short sleeve shirt,8,32,Blue and Green large check short sleeve shirt,Boys Shirts,Blue / Green,Boys
7830-18M,Orange and blue check shirt,18 M,32,Orange and blue check shirt,Boys Shirts,Orange/Blue,Boys
7830-2T,Orange and blue check shirt,2T,32,Orange and blue check shirt,Boys Shirts,Orange/Blue,Boys
7830-3T,Orange and blue check shirt,3T,32,Orange and blue check shirt,Boys Shirts,Orange/Blue,Boys
7830-4T,Orange and blue check shirt,4T,32,Orange and blue check shirt,Boys Shirts,Orange/Blue,Boys
7830-5Y,Orange and blue check shirt,5,32,Orange and blue check shirt,Boys Shirts,Orange/Blue,Boys
7830-6Y,Orange and blue check shirt,6,32,Orange and blue check shirt,Boys Shirts,Orange/Blue,Boys
7830-7Y,Orange and blue check shirt,7,32,Orange and blue check shirt,Boys Shirts,Orange/Blue,Boys
7830-8Y,Orange and blue check shirt,8,32,Orange and blue check shirt,Boys Shirts,Orange/Blue,Boys
7830S/S-18M,Orange and blue check s/s shirt,18 M,32,Orange and blue check s/s shirt,Boys Shirts,Orange/Blue,Boys
7830S/S-2T,Orange and blue check s/s shirt,2T,32,Orange and blue check s/s shirt,Boys Shirts,Orange/Blue,Boys
7830S/S-3T,Orange and blue check s/s shirt,3T,32,Orange and blue check s/s shirt,Boys Shirts,Orange/Blue,Boys
7830S/S-4T,Orange and blue check s/s shirt,4T,32,Orange and blue check s/s shirt,Boys Shirts,Orange/Blue,Boys
7830S/S-5Y,Orange and blue check s/s shirt,5,32,Orange and blue check s/s shirt,Boys Shirts,Orange/Blue,Boys
7830S/S-6Y,Orange and blue check s/s shirt,6,32,Orange and blue check s/s shirt,Boys Shirts,Orange/Blue,Boys
7830S/S-7Y,Orange and blue check s/s shirt,7,32,Orange and blue check s/s shirt,Boys Shirts,Orange/Blue,Boys
7830S/S-8Y,Orange and blue check s/s shirt,8,32,Orange and blue check s/s shirt,Boys Shirts,Orange/Blue,Boys
7831-2T,Blue Swiss Dot shirt,2T,32,Blue Swiss Dot shirt,Boys Shirts,Blue,Boys
7831-3T,Blue Swiss Dot shirt,3T,32,Blue Swiss Dot shirt,Boys Shirts,Blue,Boys
7831-4T,Blue Swiss Dot shirt,4T,32,Blue Swiss Dot shirt,Boys Shirts,Blue,Boys
7831-5Y,Blue Swiss Dot shirt,5,32,Blue Swiss Dot shirt,Boys Shirts,Blue,Boys
7831-6Y,Blue Swiss Dot shirt,6,32,Blue Swiss Dot shirt,Boys Shirts,Blue,Boys
7831-7Y,Blue Swiss Dot shirt,7,32,Blue Swiss Dot shirt,Boys Shirts,Blue,Boys
7831-8Y,Blue Swiss Dot shirt,8,32,Blue Swiss Dot shirt,Boys Shirts,Blue,Boys
9002-3T,Orange Speckled Bodysuit with Navy Chambray Tie ,3T,20,Orange Speckled Bodysuit with Navy Chambray Tie ,Boys Shirts,Orange,Boys
9002-4T,Orange Speckled Bodysuit with Navy Chambray Tie ,4T,20,Orange Speckled Bodysuit with Navy Chambray Tie ,Boys Shirts,Orange,Boys
9002-5Y,Orange Speckled Bodysuit with Navy Chambray Tie ,5,20,Orange Speckled Bodysuit with Navy Chambray Tie ,Boys Shirts,Orange,Boys
9002-6Y,Orange Speckled Bodysuit with Navy Chambray Tie ,6,23,Orange Speckled Bodysuit with Navy Chambray Tie ,Boys Shirts,Orange,Boys
9002-7Y,Orange Speckled Bodysuit with Navy Chambray Tie ,7,23,Orange Speckled Bodysuit with Navy Chambray Tie ,Boys Shirts,Orange,Boys
9002-8Y,Orange Speckled Bodysuit with Navy Chambray Tie ,8,23,Orange Speckled Bodysuit with Navy Chambray Tie ,Boys Shirts,Orange,Boys
2122,Tuxedo Un-tied White Shirt,2T,20,Tuxedo Un-tied White Shirt,Boys Shirts,White,Girls 
2123,Tuxedo Un-tied White Shirt,3T,20,Tuxedo Un-tied White Shirt,Boys Shirts,White,Girls 
2134,Tuxedo Un-tied White Shirt,4T,20,Tuxedo Un-tied White Shirt,Boys Shirts,White,Girls 
2125,Tuxedo Un-tied White Shirt,5,20,Tuxedo Un-tied White Shirt,Boys Shirts,White,Girls 
2114,New Grey Tuxedo Shirt,2T,20,New Grey Tuxedo Shirt,Boys Shirts,Grey,Girls 
2115,New Grey Tuxedo Shirt,3T,20,New Grey Tuxedo Shirt,Boys Shirts,Grey,Girls 
2116,New Grey Tuxedo Shirt,4T,20,New Grey Tuxedo Shirt,Boys Shirts,Grey,Girls 
2117,New Grey Tuxedo Shirt,5,20,New Grey Tuxedo Shirt,Boys Shirts,Grey,Girls 
5269-2T,Dark floral dress with tie shoulders,2T,25,Dark floral dress with tie shoulders,Girls Dress,Black,Girls 
5269-3T,Dark floral dress with tie shoulders,3T,25,Dark floral dress with tie shoulders,Girls Dress,Black,Girls 
5269-4T,Dark floral dress with tie shoulders,4T,25,Dark floral dress with tie shoulders,Girls Dress,Black,Girls 
5269-5Y,Dark floral dress with tie shoulders,5,25,Dark floral dress with tie shoulders,Girls Dress,Black,Girls 
5269-6Y,Dark floral dress with tie shoulders,6,27,Dark floral dress with tie shoulders,Girls Dress,Black,Girls 
5269-7Y,Dark floral dress with tie shoulders,7,27,Dark floral dress with tie shoulders,Girls Dress,Black,Girls 
5269-8Y,Dark floral dress with tie shoulders,8,27,Dark floral dress with tie shoulders,Girls Dress,Black,Girls 
5503-2T,Dark blue denim dress with light blue collar and waist,2T,35,Dark blue denim dress with light blue collar and waist,Girls Dress,Denim,Girls 
5503-3T,Dark blue denim dress with light blue collar and waist,3T,35,Dark blue denim dress with light blue collar and waist,Girls Dress,Denim,Girls 
5503-4T,Dark blue denim dress with light blue collar and waist,4T,35,Dark blue denim dress with light blue collar and waist,Girls Dress,Denim,Girls 
5503-5Y,Dark blue denim dress with light blue collar and waist,5,35,Dark blue denim dress with light blue collar and waist,Girls Dress,Denim,Girls 
5503-6Y,Dark blue denim dress with light blue collar and waist,6,40,Dark blue denim dress with light blue collar and waist,Girls Dress,Denim,Girls 
5503-7Y,Dark blue denim dress with light blue collar and waist,7,40,Dark blue denim dress with light blue collar and waist,Girls Dress,Denim,Girls 
5503-8Y,Dark blue denim dress with light blue collar and waist,8,40,Dark blue denim dress with light blue collar and waist,Girls Dress,Denim,Girls 
5405-2T,Denim leggings,2T,20,Denim leggings,Girls Pants,Denim,Girls 
5405-3T,Denim leggings,3T,20,Denim leggings,Girls Pants,Denim,Girls 
5405-4T,Denim leggings,4T,20,Denim leggings,Girls Pants,Denim,Girls 
5405-5Y,Denim leggings,5,20,Denim leggings,Girls Pants,Denim,Girls 
5405-6Y,Denim leggings,6,25,Denim leggings,Girls Pants,Denim,Girls 
5405-7Y,Denim leggings,7,25,Denim leggings,Girls Pants,Denim,Girls 
5405-8Y,Denim leggings,8,25,Denim leggings,Girls Pants,Denim,Girls 
5268-2T,Dark floral skirt,2T,20,Dark floral skirt,Girls Skirts,Black,Girls 
5268-3T,Dark floral skirt,3T,20,Dark floral skirt,Girls Skirts,Black,Girls 
5268-4T,Dark floral skirt,4T,20,Dark floral skirt,Girls Skirts,Black,Girls 
5268-5Y,Dark floral skirt,5,20,Dark floral skirt,Girls Skirts,Black,Girls 
5268-6Y,Dark floral skirt,6,23,Dark floral skirt,Girls Skirts,Black,Girls 
5268-7Y,Dark floral skirt,7,23,Dark floral skirt,Girls Skirts,Black,Girls 
5268-8Y,Dark floral skirt,8,23,Dark floral skirt,Girls Skirts,Black,Girls 
5280-2T,Gathered waist coral skirt with buttons,2T,20,Gathered waist coral skirt with buttons,Girls Skirts,Coral,Girls 
5280-3T,Gathered waist coral skirt with buttons,3T,20,Gathered waist coral skirt with buttons,Girls Skirts,Coral,Girls 
5280-4T,Gathered waist coral skirt with buttons,4T,20,Gathered waist coral skirt with buttons,Girls Skirts,Coral,Girls 
5280-5Y,Gathered waist coral skirt with buttons,5,20,Gathered waist coral skirt with buttons,Girls Skirts,Coral,Girls 
5280-6Y,Gathered waist coral skirt with buttons,6,25,Gathered waist coral skirt with buttons,Girls Skirts,Coral,Girls 
5280-7Y,Gathered waist coral skirt with buttons,7,25,Gathered waist coral skirt with buttons,Girls Skirts,Coral,Girls 
5280-8Y,Gathered waist coral skirt with buttons,8,25,Gathered waist coral skirt with buttons,Girls Skirts,Coral,Girls 
5280-10Y,Gathered waist coral skirt with buttons,10,25,Gathered waist coral skirt with buttons,Girls Skirts,Coral,Girls 
5280-12Y,Gathered waist coral skirt with buttons,12,25,Gathered waist coral skirt with buttons,Girls Skirts,Coral,Girls 
5280-14Y,Gathered waist coral skirt with buttons,14,25,Gathered waist coral skirt with buttons,Girls Skirts,Coral,Girls 
5280-16Y,Gathered waist coral skirt with buttons,16,25,Gathered waist coral skirt with buttons,Girls Skirts,Coral,Girls 
5285-2T,Gathered waist red skirt with buttons,2T,20,Gathered waist red skirt with buttons,Girls Skirts,Red,Girls 
5285-3T,Gathered waist red skirt with buttons,3T,20,Gathered waist red skirt with buttons,Girls Skirts,Red,Girls 
5285-4T,Gathered waist red skirt with buttons,4T,20,Gathered waist red skirt with buttons,Girls Skirts,Red,Girls 
5285-5Y,Gathered waist red skirt with buttons,5,20,Gathered waist red skirt with buttons,Girls Skirts,Red,Girls 
5285-6Y,Gathered waist red skirt with buttons,6,25,Gathered waist red skirt with buttons,Girls Skirts,Red,Girls 
5285-7Y,Gathered waist red skirt with buttons,7,25,Gathered waist red skirt with buttons,Girls Skirts,Red,Girls 
5285-8Y,Gathered waist red skirt with buttons,8,25,Gathered waist red skirt with buttons,Girls Skirts,Red,Girls 
5285-10Y,Gathered waist red skirt with buttons,10,25,Gathered waist red skirt with buttons,Girls Skirts,Red,Girls 
5285-12Y,Gathered waist red skirt with buttons,12,25,Gathered waist red skirt with buttons,Girls Skirts,Red,Girls 
5285-14Y,Gathered waist red skirt with buttons,14,25,Gathered waist red skirt with buttons,Girls Skirts,Red,Girls 
5285-16Y,Gathered waist red skirt with buttons,16,25,Gathered waist red skirt with buttons,Girls Skirts,Red,Girls 
5292-2T,Solid pink chino skirt,2T,20,Solid pink chino skirt,Girls Skirts,Pink,Girls 
5292-3T,Solid pink chino skirt,3T,20,Solid pink chino skirt,Girls Skirts,Pink,Girls 
5292-4T,Solid pink chino skirt,4T,20,Solid pink chino skirt,Girls Skirts,Pink,Girls 
5292-5Y,Solid pink chino skirt,5,20,Solid pink chino skirt,Girls Skirts,Pink,Girls 
5292-6Y,Solid pink chino skirt,6,25,Solid pink chino skirt,Girls Skirts,Pink,Girls 
5292-7Y,Solid pink chino skirt,7,25,Solid pink chino skirt,Girls Skirts,Pink,Girls 
5292-8Y,Solid pink chino skirt,8,25,Solid pink chino skirt,Girls Skirts,Pink,Girls 
5292-10Y,Solid pink chino skirt,10,25,Solid pink chino skirt,Girls Skirts,Pink,Girls 
5292-12Y,Solid pink chino skirt,12,25,Solid pink chino skirt,Girls Skirts,Pink,Girls 
5292-14Y,Solid pink chino skirt,14,25,Solid pink chino skirt,Girls Skirts,Pink,Girls 
5299-2T,Solid Dark blue denim skirt,2T,15,Solid Dark blue denim skirt,Girls Skirts,Blue,Girls 
5299-3T,Solid Dark blue denim skirt,3T,15,Solid Dark blue denim skirt,Girls Skirts,Blue,Girls 
5299-4T,Solid Dark blue denim skirt,4T,15,Solid Dark blue denim skirt,Girls Skirts,Blue,Girls 
5299-5Y,Solid Dark blue denim skirt,5,15,Solid Dark blue denim skirt,Girls Skirts,Blue,Girls 
5299-6Y,Solid Dark blue denim skirt,6,20,Solid Dark blue denim skirt,Girls Skirts,Blue,Girls 
5299-7Y,Solid Dark blue denim skirt,7,20,Solid Dark blue denim skirt,Girls Skirts,Blue,Girls 
5299-8Y,Solid Dark blue denim skirt,8,20,Solid Dark blue denim skirt,Girls Skirts,Blue,Girls 
5299-10Y,Solid Dark blue denim skirt,10,20,Solid Dark blue denim skirt,Girls Skirts,Blue,Girls 
5299-12Y,Solid Dark blue denim skirt,12,20,Solid Dark blue denim skirt,Girls Skirts,Blue,Girls 
5299-14Y,Solid Dark blue denim skirt,14,20,Solid Dark blue denim skirt,Girls Skirts,Blue,Girls 
5299-16Y,Solid Dark blue denim skirt,16,20,Solid Dark blue denim skirt,Girls Skirts,Blue,Girls 
5403-2T,Mustard Chino Skirt,2T,20,Mustard Chino Skirt,Girls Skirts,Mustard,Girls 
5403-3T,Mustard Chino Skirt,3T,20,Mustard Chino Skirt,Girls Skirts,Mustard,Girls 
5403-4T,Mustard Chino Skirt,4T,20,Mustard Chino Skirt,Girls Skirts,Mustard,Girls 
5403-5Y,Mustard Chino Skirt,5,20,Mustard Chino Skirt,Girls Skirts,Mustard,Girls 
5403-6Y,Mustard Chino Skirt,6,25,Mustard Chino Skirt,Girls Skirts,Mustard,Girls 
5403-7Y,Mustard Chino Skirt,7,25,Mustard Chino Skirt,Girls Skirts,Mustard,Girls 
5403-8Y,Mustard Chino Skirt,8,25,Mustard Chino Skirt,Girls Skirts,Mustard,Girls 
5403-10Y,Mustard Chino Skirt,10,25,Mustard Chino Skirt,Girls Skirts,Mustard,Girls 
5403-12Y,Mustard Chino Skirt,12,25,Mustard Chino Skirt,Girls Skirts,Mustard,Girls 
5403-14Y,Mustard Chino Skirt,14,25,Mustard Chino Skirt,Girls Skirts,Mustard,Girls 
5403-16Y,Mustard Chino Skirt,16,25,Mustard Chino Skirt,Girls Skirts,Mustard,Girls 
5364-3M,Red floral set with bloomers,3 M,25,Red floral set with bloomers,Infant  Girls Bloomer Set,Red,Girls 
5364-6M,Red floral set with bloomers,6 M,25,Red floral set with bloomers,Infant  Girls Bloomer Set,Red,Girls 
5364-9M,Red floral set with bloomers,9 M,25,Red floral set with bloomers,Infant  Girls Bloomer Set,Red,Girls 
5364-12M,Red floral set with bloomers,12 M,25,Red floral set with bloomers,Infant  Girls Bloomer Set,Red,Girls 
5364-18M,Red floral set with bloomers,18 M,25,Red floral set with bloomers,Infant  Girls Bloomer Set,Red,Girls 
7831B-6M,Blue Swiss Dot Bodysuit,6 M,32,Blue Swiss Dot Bodysuit,Infant Boys Bodysuits,Blue,Boys
7831B-9M,Blue Swiss Dot Bodysuit,9 M,32,Blue Swiss Dot Bodysuit,Infant Boys Bodysuits,Blue,Boys
7831B-12M,Blue Swiss Dot Bodysuit,12 M,32,Blue Swiss Dot Bodysuit,Infant Boys Bodysuits,Blue,Boys
7831B-18M,Blue Swiss Dot Bodysuit,18 M,32,Blue Swiss Dot Bodysuit,Infant Boys Bodysuits,Blue,Boys
9176-3M,Light Grey Headphone Bodysuit ,3 M,20,Light Grey Headphone Bodysuit ,Infant Boys Bodysuits,Grey,Boys
9176-6M,Light Grey Headphone Bodysuit ,6 M,20,Light Grey Headphone Bodysuit ,Infant Boys Bodysuits,Grey,Boys
9176-9M,Light Grey Headphone Bodysuit ,9 M,20,Light Grey Headphone Bodysuit ,Infant Boys Bodysuits,Grey,Boys
9176-12M,Light Grey Headphone Bodysuit ,12 M,20,Light Grey Headphone Bodysuit ,Infant Boys Bodysuits,Grey,Boys
9188-3M,Light Blue Headphone Bodysuit,3 M,20,Light Blue Headphone Bodysuit,Infant Boys Bodysuits,Blue,Boys
9188-6M,Light Blue Headphone Bodysuit,6 M,20,Light Blue Headphone Bodysuit,Infant Boys Bodysuits,Blue,Boys
9188-9M,Light Blue Headphone Bodysuit,9 M,20,Light Blue Headphone Bodysuit,Infant Boys Bodysuits,Blue,Boys
9188-12M,Light Blue Headphone Bodysuit,12 M,20,Light Blue Headphone Bodysuit,Infant Boys Bodysuits,Blue,Boys
9200-3M,Mustard Headphone Bodysuit ,3 M,20,Mustard Headphone Bodysuit ,Infant Boys Bodysuits,Mustard,Boys
9200-6M,Mustard Headphone Bodysuit ,6 M,20,Mustard Headphone Bodysuit ,Infant Boys Bodysuits,Mustard,Boys
9200-9M,Mustard Headphone Bodysuit ,9 M,20,Mustard Headphone Bodysuit ,Infant Boys Bodysuits,Mustard,Boys
9200-12M,Mustard Headphone Bodysuit ,12 M,20,Mustard Headphone Bodysuit ,Infant Boys Bodysuits,Mustard,Boys
9002B-6M,Orange Speckled Bodysuit with Navy Chambray Tie ,6 M,20,Orange Speckled Bodysuit with Navy Chambray Tie ,Infant Boys Bodysuits,Orange,Boys
9002B-9M,Orange Speckled Bodysuit with Navy Chambray Tie ,9 M,20,Orange Speckled Bodysuit with Navy Chambray Tie ,Infant Boys Bodysuits,Orange,Boys
9002B-12M,Orange Speckled Bodysuit with Navy Chambray Tie ,12 M,20,Orange Speckled Bodysuit with Navy Chambray Tie ,Infant Boys Bodysuits,Orange,Boys
9002B-18M,Orange Speckled Bodysuit with Navy Chambray Tie ,18 M,20,Orange Speckled Bodysuit with Navy Chambray Tie ,Infant Boys Bodysuits,Orange,Boys
9002-2T,Orange Speckled Bodysuit with Navy Chambray Tie ,2T,20,Orange Speckled Bodysuit with Navy Chambray Tie ,Infant Boys Bodysuits,Orange,Boys
2118,Tuxedo Un-tied White Bodysuit ,6 M,17,Tuxedo Un-tied White Bodysuit ,Infant Boys Bodysuits,White,Girls 
2119,Tuxedo Un-tied White Bodysuit ,9 M,17,Tuxedo Un-tied White Bodysuit ,Infant Boys Bodysuits,White,Girls 
2120,Tuxedo Un-tied White Bodysuit ,12 M,17,Tuxedo Un-tied White Bodysuit ,Infant Boys Bodysuits,White,Girls 
2121,Tuxedo Un-tied White Bodysuit ,18 M,17,Tuxedo Un-tied White Bodysuit ,Infant Boys Bodysuits,White,Girls 
2099,New Grey Tuxedo Bodysuit ,3 M,17,New Grey Tuxedo Bodysuit ,Infant Boys Bodysuits,Grey,Girls 
2110,New Grey Tuxedo Bodysuit ,6 M,17,New Grey Tuxedo Bodysuit ,Infant Boys Bodysuits,Grey,Girls 
2111,New Grey Tuxedo Bodysuit ,9 M,17,New Grey Tuxedo Bodysuit ,Infant Boys Bodysuits,Grey,Girls 
2112,New Grey Tuxedo Bodysuit ,12 M,17,New Grey Tuxedo Bodysuit ,Infant Boys Bodysuits,Grey,Girls 
2113,New Grey Tuxedo Bodysuit ,18 M,17,New Grey Tuxedo Bodysuit ,Infant Boys Bodysuits,Grey,Girls 
5380-6M,Green elastic waist pant,6 M,23,Green elastic waist pant,"Infant Boys Pants, Boys Pants",Green,Boys
5380-9M,Green elastic waist pant,9 M,23,Green elastic waist pant,"Infant Boys Pants, Boys Pants",Green,Boys
5380-12M,Green elastic waist pant,12 M,23,Green elastic waist pant,"Infant Boys Pants, Boys Pants",Green,Boys
5380-18M,Green elastic waist pant,18 M,23,Green elastic waist pant,"Infant Boys Pants, Boys Pants",Green,Boys
5380-2T,Green elastic waist pant,2T,23,Green elastic waist pant,"Infant Boys Pants, Boys Pants",Green,Boys
5380-3T,Green elastic waist pant,3T,23,Green elastic waist pant,"Infant Boys Pants, Boys Pants",Green,Boys
5380-4T,Green elastic waist pant,4T,23,Green elastic waist pant,"Infant Boys Pants, Boys Pants",Green,Boys
5380-5Y,Green elastic waist pant,5,23,Green elastic waist pant,"Infant Boys Pants, Boys Pants",Green,Boys
5380-6Y,Green elastic waist pant,6,27,Green elastic waist pant,"Infant Boys Pants, Boys Pants",Green,Boys
5380-7Y,Green elastic waist pant,7,27,Green elastic waist pant,"Infant Boys Pants, Boys Pants",Green,Boys
380-8Y,Green elastic waist pant,8,27,Green elastic waist pant,"Infant Boys Pants, Boys Pants",Green,Boys
5381-6M,Khaki elastic waist pant,6 M,23,Khaki elastic waist pant,"Infant Boys Pants, Boys Pants",Khaki,Boys
5381-9M,Khaki elastic waist pant,9 M,23,Khaki elastic waist pant,"Infant Boys Pants, Boys Pants",Khaki,Boys
5381-12M,Khaki elastic waist pant,12 M,23,Khaki elastic waist pant,"Infant Boys Pants, Boys Pants",Khaki,Boys
5381-18M,Khaki elastic waist pant,18 M,23,Khaki elastic waist pant,"Infant Boys Pants, Boys Pants",Khaki,Boys
5381-2T,Khaki elastic waist pant,2T,23,Khaki elastic waist pant,"Infant Boys Pants, Boys Pants",Khaki,Boys
5381-3T,Khaki elastic waist pant,3T,23,Khaki elastic waist pant,"Infant Boys Pants, Boys Pants",Khaki,Boys
5381-4T,Khaki elastic waist pant,4T,23,Khaki elastic waist pant,"Infant Boys Pants, Boys Pants",Khaki,Boys
5381-5Y,Khaki elastic waist pant,5,23,Khaki elastic waist pant,"Infant Boys Pants, Boys Pants",Khaki,Boys
5381-6Y,Khaki elastic waist pant,6,27,Khaki elastic waist pant,"Infant Boys Pants, Boys Pants",Khaki,Boys
5381-7Y,Khaki elastic waist pant,7,27,Khaki elastic waist pant,"Infant Boys Pants, Boys Pants",Khaki,Boys
5381-8Y,Khaki elastic waist pant,8,27,Khaki elastic waist pant,"Infant Boys Pants, Boys Pants",Khaki,Boys
5382-6M,Neon Yellow elastic waist pant,6 M,23,Neon Yellow elastic waist pant,"Infant Boys Pants, Boys Pants",Yellow,Boys
5382-9M,Neon Yellow elastic waist pant,9 M,23,Neon Yellow elastic waist pant,"Infant Boys Pants, Boys Pants",Yellow,Boys
5382-12M,Neon Yellow elastic waist pant,12 M,23,Neon Yellow elastic waist pant,"Infant Boys Pants, Boys Pants",Yellow,Boys
5382-18M,Neon Yellow elastic waist pant,18 M,23,Neon Yellow elastic waist pant,"Infant Boys Pants, Boys Pants",Yellow,Boys
5382-2T,Neon Yellow elastic waist pant,2T,23,Neon Yellow elastic waist pant,"Infant Boys Pants, Boys Pants",Yellow,Boys
5382-3T,Neon Yellow elastic waist pant,3T,23,Neon Yellow elastic waist pant,"Infant Boys Pants, Boys Pants",Yellow,Boys
5382-4T,Neon Yellow elastic waist pant,4T,23,Neon Yellow elastic waist pant,"Infant Boys Pants, Boys Pants",Yellow,Boys
5382-5Y,Neon Yellow elastic waist pant,5,23,Neon Yellow elastic waist pant,"Infant Boys Pants, Boys Pants",Yellow,Boys
5382-6Y,Neon Yellow elastic waist pant,6,27,Neon Yellow elastic waist pant,"Infant Boys Pants, Boys Pants",Yellow,Boys
5382-7Y,Neon Yellow elastic waist pant,7,27,Neon Yellow elastic waist pant,"Infant Boys Pants, Boys Pants",Yellow,Boys
5382-8Y,Neon Yellow elastic waist pant,8,27,Neon Yellow elastic waist pant,"Infant Boys Pants, Boys Pants",Yellow,Boys
5383-6M,Navy elastic waist pant,6 M,23,Navy elastic waist pant,"Infant Boys Pants, Boys Pants",Navy,Boys
5383-9M,Navy elastic waist pant,9 M,23,Navy elastic waist pant,"Infant Boys Pants, Boys Pants",Navy,Boys
5383-12M,Navy elastic waist pant,12 M,23,Navy elastic waist pant,"Infant Boys Pants, Boys Pants",Navy,Boys
5383-18M,Navy elastic waist pant,18 M,23,Navy elastic waist pant,"Infant Boys Pants, Boys Pants",Navy,Boys
5383-2T,Navy elastic waist pant,2T,23,Navy elastic waist pant,"Infant Boys Pants, Boys Pants",Navy,Boys
5383-3T,Navy elastic waist pant,3T,23,Navy elastic waist pant,"Infant Boys Pants, Boys Pants",Navy,Boys
5383-4T,Navy elastic waist pant,4T,23,Navy elastic waist pant,"Infant Boys Pants, Boys Pants",Navy,Boys
5383-5Y,Navy elastic waist pant,5,23,Navy elastic waist pant,"Infant Boys Pants, Boys Pants",Navy,Boys
5383-6Y,Navy elastic waist pant,6,27,Navy elastic waist pant,"Infant Boys Pants, Boys Pants",Navy,Boys
5383-7Y,Navy elastic waist pant,7,27,Navy elastic waist pant,"Infant Boys Pants, Boys Pants",Navy,Boys
5383-8Y,Navy elastic waist pant,8,27,Navy elastic waist pant,"Infant Boys Pants, Boys Pants",Navy,Boys
7853-3M,Orange tank romper,3 M,20,Orange tank romper,Infant Boys Rompers,Orange,Boys
7853-6M,Orange tank romper,6 M,20,Orange tank romper,Infant Boys Rompers,Orange,Boys
7853-9M,Orange tank romper,9 M,20,Orange tank romper,Infant Boys Rompers,Orange,Boys
7853-12M,Orange tank romper,12 M,20,Orange tank romper,Infant Boys Rompers,Orange,Boys
7853-18M,Orange tank romper,18 M,20,Orange tank romper,Infant Boys Rompers,Orange,Boys
7854-3M,Blue tank romper,3 M,20,Blue tank romper,Infant Boys Rompers,Blue,Boys
7854-6M,Blue tank romper,6 M,20,Blue tank romper,Infant Boys Rompers,Blue,Boys
7854-9M,Blue tank romper,9 M,20,Blue tank romper,Infant Boys Rompers,Blue,Boys
7854-12M,Blue tank romper,12 M,20,Blue tank romper,Infant Boys Rompers,Blue,Boys
7854-18M,Blue tank romper,18 M,20,Blue tank romper,Infant Boys Rompers,Blue,Boys
7855-3M,Green tank romper,3 M,20,Green tank romper,Infant Boys Rompers,Green,Boys
7855-6M,Green tank romper,6 M,20,Green tank romper,Infant Boys Rompers,Green,Boys
7855-9M,Green tank romper,9 M,20,Green tank romper,Infant Boys Rompers,Green,Boys
7855-12M,Green tank romper,12 M,20,Green tank romper,Infant Boys Rompers,Green,Boys
7855-18M,Green tank romper,18 M,20,Green tank romper,Infant Boys Rompers,Green,Boys
7859-3M,Black chambray romper,3 M,20,Black chambray romper,Infant Boys Rompers,Black,Boys
7859-6M,Black chambray romper,6 M,20,Black chambray romper,Infant Boys Rompers,Black,Boys
7859-9M,Black chambray romper,9 M,20,Black chambray romper,Infant Boys Rompers,Black,Boys
7859-12M,Black chambray romper,12 M,20,Black chambray romper,Infant Boys Rompers,Black,Boys
7859-18M ,Black chambray romper,18 M ,20,Black chambray romper,Infant Boys Rompers,Black,Boys
7837-6M,Grey Henley t-shirt,6 M,20,Grey Henley t-shirt,"Infant Boys Shirts, Boys Shirts",Grey,Boys
7837-9M,Grey Henley t-shirt,9 M,20,Grey Henley t-shirt,"Infant Boys Shirts, Boys Shirts",Grey,Boys
7837-12M,Grey Henley t-shirt,12 M,20,Grey Henley t-shirt,"Infant Boys Shirts, Boys Shirts",Grey,Boys
7837-18M,Grey Henley t-shirt,18 M,20,Grey Henley t-shirt,"Infant Boys Shirts, Boys Shirts",Grey,Boys
7837-2T,Grey Henley t-shirt,2T,20,Grey Henley t-shirt,"Infant Boys Shirts, Boys Shirts",Grey,Boys
7837-3T,Grey Henley t-shirt,3T,20,Grey Henley t-shirt,"Infant Boys Shirts, Boys Shirts",Grey,Boys
7837-4T,Grey Henley t-shirt,4T,20,Grey Henley t-shirt,"Infant Boys Shirts, Boys Shirts",Grey,Boys
7837-5Y,Grey Henley t-shirt,5,20,Grey Henley t-shirt,"Infant Boys Shirts, Boys Shirts",Grey,Boys
7837-6Y,Grey Henley t-shirt,6,23,Grey Henley t-shirt,"Infant Boys Shirts, Boys Shirts",Grey,Boys
7837-7Y,Grey Henley t-shirt,7,23,Grey Henley t-shirt,"Infant Boys Shirts, Boys Shirts",Grey,Boys
7837-8Y,Grey Henley t-shirt,8,23,Grey Henley t-shirt,"Infant Boys Shirts, Boys Shirts",Grey,Boys
7838-6M,Green Henley t-shirt,6 M,20,Green Henley t-shirt,"Infant Boys Shirts, Boys Shirts",Geen,Boys
7838-9M,Green Henley t-shirt,9 M,20,Green Henley t-shirt,"Infant Boys Shirts, Boys Shirts",Geen,Boys
7838-12M,Green Henley t-shirt,12 M,20,Green Henley t-shirt,"Infant Boys Shirts, Boys Shirts",Geen,Boys
7838-18M,Green Henley t-shirt,18 M,20,Green Henley t-shirt,"Infant Boys Shirts, Boys Shirts",Geen,Boys
7838-2T,Green Henley t-shirt,2T,20,Green Henley t-shirt,"Infant Boys Shirts, Boys Shirts",Geen,Boys
7838-3T,Green Henley t-shirt,3T,20,Green Henley t-shirt,"Infant Boys Shirts, Boys Shirts",Geen,Boys
7838-4T,Green Henley t-shirt,4T,20,Green Henley t-shirt,"Infant Boys Shirts, Boys Shirts",Geen,Boys
7838-5Y,Green Henley t-shirt,5,20,Green Henley t-shirt,"Infant Boys Shirts, Boys Shirts",Geen,Boys
7838-6Y,Green Henley t-shirt,6,23,Green Henley t-shirt,"Infant Boys Shirts, Boys Shirts",Geen,Boys
7838-7Y,Green Henley t-shirt,7,23,Green Henley t-shirt,"Infant Boys Shirts, Boys Shirts",Geen,Boys
7838-8Y,Green Henley t-shirt,8,23,Green Henley t-shirt,"Infant Boys Shirts, Boys Shirts",Geen,Boys
7839-6M,Lt Blue Henley t-shirt,6 M,20,Lt Blue Henley t-shirt,"Infant Boys Shirts, Boys Shirts",Lt. Blue,Boys
7839-9M,Lt Blue Henley t-shirt,9 M,20,Lt Blue Henley t-shirt,"Infant Boys Shirts, Boys Shirts",Lt. Blue,Boys
7839-12M,Lt Blue Henley t-shirt,12 M,20,Lt Blue Henley t-shirt,"Infant Boys Shirts, Boys Shirts",Lt. Blue,Boys
7839-18M,Lt Blue Henley t-shirt,18 M,20,Lt Blue Henley t-shirt,"Infant Boys Shirts, Boys Shirts",Lt. Blue,Boys
7839-2T,Lt Blue Henley t-shirt,2T,20,Lt Blue Henley t-shirt,"Infant Boys Shirts, Boys Shirts",Lt. Blue,Boys
7839-3T,Lt Blue Henley t-shirt,3T,20,Lt Blue Henley t-shirt,"Infant Boys Shirts, Boys Shirts",Lt. Blue,Boys
7839-4T,Lt Blue Henley t-shirt,4T,20,Lt Blue Henley t-shirt,"Infant Boys Shirts, Boys Shirts",Lt. Blue,Boys
7839-5Y,Lt Blue Henley t-shirt,5,20,Lt Blue Henley t-shirt,"Infant Boys Shirts, Boys Shirts",Lt. Blue,Boys
7839-6Y,Lt Blue Henley t-shirt,6,23,Lt Blue Henley t-shirt,"Infant Boys Shirts, Boys Shirts",Lt. Blue,Boys
7839-7Y,Lt Blue Henley t-shirt,7,23,Lt Blue Henley t-shirt,"Infant Boys Shirts, Boys Shirts",Lt. Blue,Boys
7839-8Y,Lt Blue Henley t-shirt,8,23,Lt Blue Henley t-shirt,"Infant Boys Shirts, Boys Shirts",Lt. Blue,Boys
5329-12M,Blue Chambray shirt with Turquise Trim,12 M,32,Blue Chambray shirt with Turquise Trim,"Infant Boys Shirts, Boys Shirts",Blue,Boys
5329-18M,Blue Chambray shirt with Turquise Trim,18 M,32,Blue Chambray shirt with Turquise Trim,"Infant Boys Shirts, Boys Shirts",Blue,Boys
5329-2T,Blue Chambray shirt with Turquise Trim,2T,32,Blue Chambray shirt with Turquise Trim,"Infant Boys Shirts, Boys Shirts",Blue,Boys
5329-3T,Blue Chambray shirt with Turquise Trim,3T,32,Blue Chambray shirt with Turquise Trim,"Infant Boys Shirts, Boys Shirts",Blue,Boys
5329-4T,Blue Chambray shirt with Turquise Trim,4T,32,Blue Chambray shirt with Turquise Trim,"Infant Boys Shirts, Boys Shirts",Blue,Boys
5329-5Y,Blue Chambray shirt with Turquise Trim,5,32,Blue Chambray shirt with Turquise Trim,"Infant Boys Shirts, Boys Shirts",Blue,Boys
5329-6Y,Blue Chambray shirt with Turquise Trim,6,34,Blue Chambray shirt with Turquise Trim,"Infant Boys Shirts, Boys Shirts",Blue,Boys
5329-7Y,Blue Chambray shirt with Turquise Trim,7,34,Blue Chambray shirt with Turquise Trim,"Infant Boys Shirts, Boys Shirts",Blue,Boys
5329-8Y,Blue Chambray shirt with Turquise Trim,8,34,Blue Chambray shirt with Turquise Trim,"Infant Boys Shirts, Boys Shirts",Blue,Boys
53146M,White horse button down,6 M,32,White horse button down,"Infant Boys Shirts, Boys Shirts",White,Boys
5314-9M,White horse button down,9 M,32,White horse button down,"Infant Boys Shirts, Boys Shirts",White,Boys
5314-12M,White horse button down,12 M,32,White horse button down,"Infant Boys Shirts, Boys Shirts",White,Boys
5314-18M,White horse button down,18 M,32,White horse button down,"Infant Boys Shirts, Boys Shirts",White,Boys
5314-2T,White horse button down,2T,32,White horse button down,"Infant Boys Shirts, Boys Shirts",White,Boys
5314-3T,White horse button down,3T,32,White horse button down,"Infant Boys Shirts, Boys Shirts",White,Boys
5314-4T,White horse button down,4T,32,White horse button down,"Infant Boys Shirts, Boys Shirts",White,Boys
5315-6M,White Mandrian Collar with Blue Dots,6 M,32,White Mandrian Collar with Blue Dots,"Infant Boys Shirts, Boys Shirts",White,Boys
5315-9M,White Mandrian Collar with Blue Dots,9 M,32,White Mandrian Collar with Blue Dots,"Infant Boys Shirts, Boys Shirts",White,Boys
5315-12M,White Mandrian Collar with Blue Dots,12 M,32,White Mandrian Collar with Blue Dots,"Infant Boys Shirts, Boys Shirts",White,Boys
5315-18M,White Mandrian Collar with Blue Dots,18 M,32,White Mandrian Collar with Blue Dots,"Infant Boys Shirts, Boys Shirts",White,Boys
5315-2T,White Mandrian Collar with Blue Dots,2T,32,White Mandrian Collar with Blue Dots,"Infant Boys Shirts, Boys Shirts",White,Boys
5315-3T,White Mandrian Collar with Blue Dots,3T,32,White Mandrian Collar with Blue Dots,"Infant Boys Shirts, Boys Shirts",White,Boys
5315-4T,White Mandrian Collar with Blue Dots,4T,32,White Mandrian Collar with Blue Dots,"Infant Boys Shirts, Boys Shirts",White,Boys
5315-5Y,White Mandrian Collar with Blue Dots,5,32,White Mandrian Collar with Blue Dots,"Infant Boys Shirts, Boys Shirts",White,Boys
5315-6Y,White Mandrian Collar with Blue Dots,6,34,White Mandrian Collar with Blue Dots,"Infant Boys Shirts, Boys Shirts",White,Boys
5315-7Y,White Mandrian Collar with Blue Dots,7,34,White Mandrian Collar with Blue Dots,"Infant Boys Shirts, Boys Shirts",White,Boys
5315-8Y,White Mandrian Collar with Blue Dots,8,34,White Mandrian Collar with Blue Dots,"Infant Boys Shirts, Boys Shirts",White,Boys
5316-6M,Blue Mandrian Collar with Blue Dots,6 M,32,Blue Mandrian Collar with Blue Dots,"Infant Boys Shirts, Boys Shirts",Blue,Boys
5316-9M,Blue Mandrian Collar with Blue Dots,9 M,32,Blue Mandrian Collar with Blue Dots,"Infant Boys Shirts, Boys Shirts",Blue,Boys
5316-12M,Blue Mandrian Collar with Blue Dots,12 M,32,Blue Mandrian Collar with Blue Dots,"Infant Boys Shirts, Boys Shirts",Blue,Boys
5316-18M,Blue Mandrian Collar with Blue Dots,18 M,32,Blue Mandrian Collar with Blue Dots,"Infant Boys Shirts, Boys Shirts",Blue,Boys
5316-2T,Blue Mandrian Collar with Blue Dots,2T,32,Blue Mandrian Collar with Blue Dots,"Infant Boys Shirts, Boys Shirts",Blue,Boys
5316-3T,Blue Mandrian Collar with Blue Dots,3T,32,Blue Mandrian Collar with Blue Dots,"Infant Boys Shirts, Boys Shirts",Blue,Boys
5316-4T,Blue Mandrian Collar with Blue Dots,4T,32,Blue Mandrian Collar with Blue Dots,"Infant Boys Shirts, Boys Shirts",Blue,Boys
5316-5Y,Blue Mandrian Collar with Blue Dots,5,32,Blue Mandrian Collar with Blue Dots,"Infant Boys Shirts, Boys Shirts",Blue,Boys
5316-6Y,Blue Mandrian Collar with Blue Dots,6,34,Blue Mandrian Collar with Blue Dots,"Infant Boys Shirts, Boys Shirts",Blue,Boys
5316-7Y,Blue Mandrian Collar with Blue Dots,7,34,Blue Mandrian Collar with Blue Dots,"Infant Boys Shirts, Boys Shirts",Blue,Boys
5316-8Y,Blue Mandrian Collar with Blue Dots,8,34,Blue Mandrian Collar with Blue Dots,"Infant Boys Shirts, Boys Shirts",Blue,Boys
5318-12M,Lt Grey Polo Shirt,12 M,19,Lt Grey Polo Shirt,"Infant Boys Shirts, Boys Shirts",Grey,Boys
5318-18M,Lt Grey Polo Shirt,18 M,19,Lt Grey Polo Shirt,"Infant Boys Shirts, Boys Shirts",Grey,Boys
5318-2T,Lt Grey Polo Shirt,2T,19,Lt Grey Polo Shirt,"Infant Boys Shirts, Boys Shirts",Grey,Boys
5318-3T,Lt Grey Polo Shirt,3T,19,Lt Grey Polo Shirt,"Infant Boys Shirts, Boys Shirts",Grey,Boys
5318-4T,Lt Grey Polo Shirt,4T,19,Lt Grey Polo Shirt,"Infant Boys Shirts, Boys Shirts",Grey,Boys
5318-5Y,Lt Grey Polo Shirt,5,19,Lt Grey Polo Shirt,"Infant Boys Shirts, Boys Shirts",Grey,Boys
5318-6Y,Lt Grey Polo Shirt,6,20,Lt Grey Polo Shirt,"Infant Boys Shirts, Boys Shirts",Grey,Boys
5318-7Y,Lt Grey Polo Shirt,7,20,Lt Grey Polo Shirt,"Infant Boys Shirts, Boys Shirts",Grey,Boys
5318-8Y,Lt Grey Polo Shirt,8,20,Lt Grey Polo Shirt,"Infant Boys Shirts, Boys Shirts",Grey,Boys
5319-12M,Florescent Yellow Polo Shirt,12 M,19,Florescent Yellow Polo Shirt,"Infant Boys Shirts, Boys Shirts",Yellow,Boys
5319-18M,Florescent Yellow Polo Shirt,18 M,19,Florescent Yellow Polo Shirt,"Infant Boys Shirts, Boys Shirts",Yellow,Boys
5319-2T,Florescent Yellow Polo Shirt,2T,19,Florescent Yellow Polo Shirt,"Infant Boys Shirts, Boys Shirts",Yellow,Boys
5319-3T,Florescent Yellow Polo Shirt,3T,19,Florescent Yellow Polo Shirt,"Infant Boys Shirts, Boys Shirts",Yellow,Boys
5319-4T,Florescent Yellow Polo Shirt,4T,19,Florescent Yellow Polo Shirt,"Infant Boys Shirts, Boys Shirts",Yellow,Boys
5319-5Y,Florescent Yellow Polo Shirt,5,19,Florescent Yellow Polo Shirt,"Infant Boys Shirts, Boys Shirts",Yellow,Boys
5319-6Y,Florescent Yellow Polo Shirt,6,20,Florescent Yellow Polo Shirt,"Infant Boys Shirts, Boys Shirts",Yellow,Boys
5319-7Y,Florescent Yellow Polo Shirt,7,20,Florescent Yellow Polo Shirt,"Infant Boys Shirts, Boys Shirts",Yellow,Boys
5319-8Y,Florescent Yellow Polo Shirt,8,20,Florescent Yellow Polo Shirt,"Infant Boys Shirts, Boys Shirts",Yellow,Boys
5320-12M,Blue Polo Shirt,12 M,19,Blue Polo Shirt,"Infant Boys Shirts, Boys Shirts",Blue,Boys
5320-18M,Blue Polo Shirt,18 M,19,Blue Polo Shirt,"Infant Boys Shirts, Boys Shirts",Blue,Boys
5320-2T,Blue Polo Shirt,2T,19,Blue Polo Shirt,"Infant Boys Shirts, Boys Shirts",Blue,Boys
5320-3T,Blue Polo Shirt,3T,19,Blue Polo Shirt,"Infant Boys Shirts, Boys Shirts",Blue,Boys
5320-4T,Blue Polo Shirt,4T,19,Blue Polo Shirt,"Infant Boys Shirts, Boys Shirts",Blue,Boys
5320-5Y,Blue Polo Shirt,5,19,Blue Polo Shirt,"Infant Boys Shirts, Boys Shirts",Blue,Boys
5320-6Y,Blue Polo Shirt,6,20,Blue Polo Shirt,"Infant Boys Shirts, Boys Shirts",Blue,Boys
5320-7Y,Blue Polo Shirt,7,20,Blue Polo Shirt,"Infant Boys Shirts, Boys Shirts",Blue,Boys
5320-8Y,Blue Polo Shirt,8,20,Blue Polo Shirt,"Infant Boys Shirts, Boys Shirts",Blue,Boys
7842-12M,Dark Grey Polo Shirt,12 M,19,Dark Grey Polo Shirt,"Infant Boys Shirts, Boys Shirts",Grey,Boys
7842-18M,Dark Grey Polo Shirt,18 M,19,Dark Grey Polo Shirt,"Infant Boys Shirts, Boys Shirts",Grey,Boys
7842-2T,Dark Grey Polo Shirt,2T,19,Dark Grey Polo Shirt,"Infant Boys Shirts, Boys Shirts",Grey,Boys
7842-3T,Dark Grey Polo Shirt,3T,19,Dark Grey Polo Shirt,"Infant Boys Shirts, Boys Shirts",Grey,Boys
7842-4T,Dark Grey Polo Shirt,4T,19,Dark Grey Polo Shirt,"Infant Boys Shirts, Boys Shirts",Grey,Boys
7842-5Y,Dark Grey Polo Shirt,5,19,Dark Grey Polo Shirt,"Infant Boys Shirts, Boys Shirts",Grey,Boys
7842-6Y,Dark Grey Polo Shirt,6,20,Dark Grey Polo Shirt,"Infant Boys Shirts, Boys Shirts",Grey,Boys
7842-7Y,Dark Grey Polo Shirt,7,20,Dark Grey Polo Shirt,"Infant Boys Shirts, Boys Shirts",Grey,Boys
7842-8Y,Dark Grey Polo Shirt,8,20,Dark Grey Polo Shirt,"Infant Boys Shirts, Boys Shirts",Grey,Boys
7843-12M,Grey hooded short sleeved shirt,12 M,23,Grey hooded short sleeved shirt,"Infant Boys Shirts, Boys Shirts",Grey,Boys
7843-18M,Grey hooded short sleeved shirt,18 M,23,Grey hooded short sleeved shirt,"Infant Boys Shirts, Boys Shirts",Grey,Boys
7843-2T,Grey hooded short sleeved shirt,2T,23,Grey hooded short sleeved shirt,"Infant Boys Shirts, Boys Shirts",Grey,Boys
7843-3T,Grey hooded short sleeved shirt,3T,23,Grey hooded short sleeved shirt,"Infant Boys Shirts, Boys Shirts",Grey,Boys
7843-4T,Grey hooded short sleeved shirt,4T,23,Grey hooded short sleeved shirt,"Infant Boys Shirts, Boys Shirts",Grey,Boys
7843-5Y,Grey hooded short sleeved shirt,5,23,Grey hooded short sleeved shirt,"Infant Boys Shirts, Boys Shirts",Grey,Boys
7843-6Y,Grey hooded short sleeved shirt,6,27,Grey hooded short sleeved shirt,"Infant Boys Shirts, Boys Shirts",Grey,Boys
7843-7Y,Grey hooded short sleeved shirt,7,27,Grey hooded short sleeved shirt,"Infant Boys Shirts, Boys Shirts",Grey,Boys
7843-8Y,Grey hooded short sleeved shirt,8,27,Grey hooded short sleeved shirt,"Infant Boys Shirts, Boys Shirts",Grey,Boys
7844-6M,Green t-shirt with blue pocket,6 M,15,Green t-shirt with blue pocket,"Infant Boys Shirts, Boys Shirts",Green,Boys
7844-9M,Green t-shirt with blue pocket,9 M,15,Green t-shirt with blue pocket,"Infant Boys Shirts, Boys Shirts",Green,Boys
7844-12M,Green t-shirt with blue pocket,12 M,15,Green t-shirt with blue pocket,"Infant Boys Shirts, Boys Shirts",Green,Boys
7844-18M,Green t-shirt with blue pocket,18 M,15,Green t-shirt with blue pocket,"Infant Boys Shirts, Boys Shirts",Green,Boys
7844-2T,Green t-shirt with blue pocket,2T,15,Green t-shirt with blue pocket,"Infant Boys Shirts, Boys Shirts",Green,Boys
7844-3T,Green t-shirt with blue pocket,3T,15,Green t-shirt with blue pocket,"Infant Boys Shirts, Boys Shirts",Green,Boys
7844-4T,Green t-shirt with blue pocket,4T,15,Green t-shirt with blue pocket,"Infant Boys Shirts, Boys Shirts",Green,Boys
7844-5Y,Green t-shirt with blue pocket,5,15,Green t-shirt with blue pocket,"Infant Boys Shirts, Boys Shirts",Green,Boys
7844-6Y,Green t-shirt with blue pocket,6,16,Green t-shirt with blue pocket,"Infant Boys Shirts, Boys Shirts",Green,Boys
7844-7Y,Green t-shirt with blue pocket,7,16,Green t-shirt with blue pocket,"Infant Boys Shirts, Boys Shirts",Green,Boys
7844-8Y,Green t-shirt with blue pocket,8,16,Green t-shirt with blue pocket,"Infant Boys Shirts, Boys Shirts",Green,Boys
7860-6M,Purple and Grey t-shirt,6 M,15,Purple and Grey t-shirt,"Infant Boys Shirts, Boys Shirts",Purple,Boys
7860-9M,Purple and Grey t-shirt,9 M,15,Purple and Grey t-shirt,"Infant Boys Shirts, Boys Shirts",Purple,Boys
7860-12M,Purple and Grey t-shirt,12 M,15,Purple and Grey t-shirt,"Infant Boys Shirts, Boys Shirts",Purple,Boys
7860-18M,Purple and Grey t-shirt,18 M,15,Purple and Grey t-shirt,"Infant Boys Shirts, Boys Shirts",Purple,Boys
7860-2T,Purple and Grey t-shirt,2T,15,Purple and Grey t-shirt,"Infant Boys Shirts, Boys Shirts",Purple,Boys
7860-3T,Purple and Grey t-shirt,3T,15,Purple and Grey t-shirt,"Infant Boys Shirts, Boys Shirts",Purple,Boys
7860-4T,Purple and Grey t-shirt,4T,15,Purple and Grey t-shirt,"Infant Boys Shirts, Boys Shirts",Purple,Boys
7860-5Y,Purple and Grey t-shirt,5,15,Purple and Grey t-shirt,"Infant Boys Shirts, Boys Shirts",Purple,Boys
7860-6Y,Purple and Grey t-shirt,6,16,Purple and Grey t-shirt,"Infant Boys Shirts, Boys Shirts",Purple,Boys
7860-7Y,Purple and Grey t-shirt,7,16,Purple and Grey t-shirt,"Infant Boys Shirts, Boys Shirts",Purple,Boys
7860-8Y,Purple and Grey t-shirt,8,16,Purple and Grey t-shirt,"Infant Boys Shirts, Boys Shirts",Purple,Boys
7849-6M,Grey and yellow t-shirt,6 M,15,Grey and yellow t-shirt,"Infant Boys Shirts, Boys Shirts",Grey,Boys
7849-9M,Grey and yellow t-shirt,9 M,15,Grey and yellow t-shirt,"Infant Boys Shirts, Boys Shirts",Grey,Boys
7849-12M,Grey and yellow t-shirt,12 M,15,Grey and yellow t-shirt,"Infant Boys Shirts, Boys Shirts",Grey,Boys
7849-18M,Grey and yellow t-shirt,18 M,15,Grey and yellow t-shirt,"Infant Boys Shirts, Boys Shirts",Grey,Boys
7849-2T,Grey and yellow t-shirt,2T,15,Grey and yellow t-shirt,"Infant Boys Shirts, Boys Shirts",Grey,Boys
7849-3T,Grey and yellow t-shirt,3T,15,Grey and yellow t-shirt,"Infant Boys Shirts, Boys Shirts",Grey,Boys
7849-4T,Grey and yellow t-shirt,4T,15,Grey and yellow t-shirt,"Infant Boys Shirts, Boys Shirts",Grey,Boys
7849-5Y,Grey and yellow t-shirt,5,15,Grey and yellow t-shirt,"Infant Boys Shirts, Boys Shirts",Grey,Boys
7849-6Y,Grey and yellow t-shirt,6,16,Grey and yellow t-shirt,"Infant Boys Shirts, Boys Shirts",Grey,Boys
7849-7Y,Grey and yellow t-shirt,7,16,Grey and yellow t-shirt,"Infant Boys Shirts, Boys Shirts",Grey,Boys
7849-8Y,Grey and yellow t-shirt,8,16,Grey and yellow t-shirt,"Infant Boys Shirts, Boys Shirts",Grey,Boys
7850-6M,Blue v-neck t-shirt,6 M,8.5,Blue v-neck t-shirt,"Infant Boys Shirts, Boys Shirts",Blue,Boys
7850-9M,Blue v-neck t-shirt,9 M,8.5,Blue v-neck t-shirt,"Infant Boys Shirts, Boys Shirts",Blue,Boys
7850-12M,Blue v-neck t-shirt,12 M,8.5,Blue v-neck t-shirt,"Infant Boys Shirts, Boys Shirts",Blue,Boys
7850-18M,Blue v-neck t-shirt,18 M,8.5,Blue v-neck t-shirt,"Infant Boys Shirts, Boys Shirts",Blue,Boys
7850-2T,Blue v-neck t-shirt,2T,8.5,Blue v-neck t-shirt,"Infant Boys Shirts, Boys Shirts",Blue,Boys
7850-3T,Blue v-neck t-shirt,3T,8.5,Blue v-neck t-shirt,"Infant Boys Shirts, Boys Shirts",Blue,Boys
7850-4T,Blue v-neck t-shirt,4T,8.5,Blue v-neck t-shirt,"Infant Boys Shirts, Boys Shirts",Blue,Boys
7850-5Y,Blue v-neck t-shirt,5,8.5,Blue v-neck t-shirt,"Infant Boys Shirts, Boys Shirts",Blue,Boys
7850-6Y,Blue v-neck t-shirt,6,8.5,Blue v-neck t-shirt,"Infant Boys Shirts, Boys Shirts",Blue,Boys
7850-7Y,Blue v-neck t-shirt,7,8.5,Blue v-neck t-shirt,"Infant Boys Shirts, Boys Shirts",Blue,Boys
7850-8Y,Blue v-neck t-shirt,8,8.5,Blue v-neck t-shirt,"Infant Boys Shirts, Boys Shirts",Blue,Boys
7851-6M,Red v-neck boys t-shirt,6 M,8.5,Red v-neck boys t-shirt,"Infant Boys Shirts, Boys Shirts",Red,Boys
7851-9M,Red v-neck boys t-shirt,9 M,8.5,Red v-neck boys t-shirt,"Infant Boys Shirts, Boys Shirts",Red,Boys
7851-12M,Red v-neck boys t-shirt,12 M,8.5,Red v-neck boys t-shirt,"Infant Boys Shirts, Boys Shirts",Red,Boys
7851-18M,Red v-neck boys t-shirt,18 M,8.5,Red v-neck boys t-shirt,"Infant Boys Shirts, Boys Shirts",Red,Boys
7851-2T,Red v-neck boys t-shirt,2T,8.5,Red v-neck boys t-shirt,"Infant Boys Shirts, Boys Shirts",Red,Boys
7851-3T,Red v-neck boys t-shirt,3T,8.5,Red v-neck boys t-shirt,"Infant Boys Shirts, Boys Shirts",Red,Boys
7851-4T,Red v-neck boys t-shirt,4T,8.5,Red v-neck boys t-shirt,"Infant Boys Shirts, Boys Shirts",Red,Boys
7851-5Y,Red v-neck boys t-shirt,5,8.5,Red v-neck boys t-shirt,"Infant Boys Shirts, Boys Shirts",Red,Boys
7851-6Y,Red v-neck boys t-shirt,6,8.5,Red v-neck boys t-shirt,"Infant Boys Shirts, Boys Shirts",Red,Boys
7851-7Y,Red v-neck boys t-shirt,7,8.5,Red v-neck boys t-shirt,"Infant Boys Shirts, Boys Shirts",Red,Boys
7851-8Y,Red v-neck boys t-shirt,8,8.5,Red v-neck boys t-shirt,"Infant Boys Shirts, Boys Shirts",Red,Boys
9180-18M,Light Grey Headphone Shirt,18 M,20,Light Grey Headphone Shirt,"Infant Boys Shirts, Boys Shirts",Grey,Boys
9180-2T,Light Grey Headphone Shirt,2T,20,Light Grey Headphone Shirt,"Infant Boys Shirts, Boys Shirts",Grey,Boys
9180-3T,Light Grey Headphone Shirt,3T,20,Light Grey Headphone Shirt,"Infant Boys Shirts, Boys Shirts",Grey,Boys
9180-4T,Light Grey Headphone Shirt,4T,20,Light Grey Headphone Shirt,"Infant Boys Shirts, Boys Shirts",Grey,Boys
9180-5Y,Light Grey Headphone Shirt,5,20,Light Grey Headphone Shirt,"Infant Boys Shirts, Boys Shirts",Grey,Boys
9180-6Y,Light Grey Headphone Shirt,6,23,Light Grey Headphone Shirt,"Infant Boys Shirts, Boys Shirts",Grey,Boys
9180-7Y,Light Grey Headphone Shirt,7,23,Light Grey Headphone Shirt,"Infant Boys Shirts, Boys Shirts",Grey,Boys
9180-8Y,Light Grey Headphone Shirt,8,23,Light Grey Headphone Shirt,"Infant Boys Shirts, Boys Shirts",Grey,Boys
9192-18M,Light Blue Headphone Shirt,18 M,20,Light Blue Headphone Shirt,"Infant Boys Shirts, Boys Shirts",Blue,Boys
9192-2T,Light Blue Headphone Shirt,2T,20,Light Blue Headphone Shirt,"Infant Boys Shirts, Boys Shirts",Blue,Boys
9192-3T,Light Blue Headphone Shirt,3T,20,Light Blue Headphone Shirt,"Infant Boys Shirts, Boys Shirts",Blue,Boys
9192-4T,Light Blue Headphone Shirt,4T,20,Light Blue Headphone Shirt,"Infant Boys Shirts, Boys Shirts",Blue,Boys
9192-5Y,Light Blue Headphone Shirt,5,20,Light Blue Headphone Shirt,"Infant Boys Shirts, Boys Shirts",Blue,Boys
9192-6Y,Light Blue Headphone Shirt,6,23,Light Blue Headphone Shirt,"Infant Boys Shirts, Boys Shirts",Blue,Boys
9192-7Y,Light Blue Headphone Shirt,7,23,Light Blue Headphone Shirt,"Infant Boys Shirts, Boys Shirts",Blue,Boys
9192-8Y,Light Blue Headphone Shirt,8,23,Light Blue Headphone Shirt,"Infant Boys Shirts, Boys Shirts",Blue,Boys
9204-18M,Mustard Headphone Shirt,18 M,20,Mustard Headphone Shirt,"Infant Boys Shirts, Boys Shirts",Mustard,Boys
9204-2T,Mustard Headphone Shirt,2T,20,Mustard Headphone Shirt,"Infant Boys Shirts, Boys Shirts",Mustard,Boys
9204-3T,Mustard Headphone Shirt,3T,20,Mustard Headphone Shirt,"Infant Boys Shirts, Boys Shirts",Mustard,Boys
9204-4T,Mustard Headphone Shirt,4T,20,Mustard Headphone Shirt,"Infant Boys Shirts, Boys Shirts",Mustard,Boys
9204-5Y,Mustard Headphone Shirt,5,20,Mustard Headphone Shirt,"Infant Boys Shirts, Boys Shirts",Mustard,Boys
9204-6Y,Mustard Headphone Shirt,6,23,Mustard Headphone Shirt,"Infant Boys Shirts, Boys Shirts",Mustard,Boys
9204-7Y,Mustard Headphone Shirt,7,23,Mustard Headphone Shirt,"Infant Boys Shirts, Boys Shirts",Mustard,Boys
9204-8Y,Mustard Headphone Shirt,8,23,Mustard Headphone Shirt,"Infant Boys Shirts, Boys Shirts",Mustard,Boys
9001-6M,Yellow / Black Heathered Shirt with Navy Pocket and Trim ,6 M,20,Yellow / Black Heathered Shirt with Navy Pocket and Trim ,"Infant Boys Shirts, Boys Shirts",Yellow,Boys
9001-9M,Yellow / Black Heathered Shirt with Navy Pocket and Trim ,9 M,20,Yellow / Black Heathered Shirt with Navy Pocket and Trim ,"Infant Boys Shirts, Boys Shirts",Yellow,Boys
9001-12M,Yellow / Black Heathered Shirt with Navy Pocket and Trim ,12 M,20,Yellow / Black Heathered Shirt with Navy Pocket and Trim ,"Infant Boys Shirts, Boys Shirts",Yellow,Boys
9001-18M,Yellow / Black Heathered Shirt with Navy Pocket and Trim ,18 M,20,Yellow / Black Heathered Shirt with Navy Pocket and Trim ,"Infant Boys Shirts, Boys Shirts",Yellow,Boys
9001-2T,Yellow / Black Heathered Shirt with Navy Pocket and Trim ,2T,20,Yellow / Black Heathered Shirt with Navy Pocket and Trim ,"Infant Boys Shirts, Boys Shirts",Yellow,Boys
9001-3T,Yellow / Black Heathered Shirt with Navy Pocket and Trim ,3T,20,Yellow / Black Heathered Shirt with Navy Pocket and Trim ,"Infant Boys Shirts, Boys Shirts",Yellow,Boys
9001-4T,Yellow / Black Heathered Shirt with Navy Pocket and Trim ,4T,20,Yellow / Black Heathered Shirt with Navy Pocket and Trim ,"Infant Boys Shirts, Boys Shirts",Yellow,Boys
9001-5Y,Yellow / Black Heathered Shirt with Navy Pocket and Trim ,5,20,Yellow / Black Heathered Shirt with Navy Pocket and Trim ,"Infant Boys Shirts, Boys Shirts",Yellow,Boys
9001-6Y,Yellow / Black Heathered Shirt with Navy Pocket and Trim ,6,23,Yellow / Black Heathered Shirt with Navy Pocket and Trim ,"Infant Boys Shirts, Boys Shirts",Yellow,Boys
9001-7Y,Yellow / Black Heathered Shirt with Navy Pocket and Trim ,7,23,Yellow / Black Heathered Shirt with Navy Pocket and Trim ,"Infant Boys Shirts, Boys Shirts",Yellow,Boys
9001-8Y,Yellow / Black Heathered Shirt with Navy Pocket and Trim ,8,23,Yellow / Black Heathered Shirt with Navy Pocket and Trim ,"Infant Boys Shirts, Boys Shirts",Yellow,Boys
5376-6M,Green Elastic Waist short,6 M,20,Green Elastic Waist short,"Infant Boys Shorts, Boys Shorts",Green,Boys
5376-9M,Green Elastic Waist short,9 M,20,Green Elastic Waist short,"Infant Boys Shorts, Boys Shorts",Green,Boys
5376-12M,Green Elastic Waist short,12 M,20,Green Elastic Waist short,"Infant Boys Shorts, Boys Shorts",Green,Boys
5376-18M,Green Elastic Waist short,18 M,20,Green Elastic Waist short,"Infant Boys Shorts, Boys Shorts",Green,Boys
5376-2T,Green Elastic Waist short,2T,20,Green Elastic Waist short,"Infant Boys Shorts, Boys Shorts",Green,Boys
5376-3T,Green Elastic Waist short,3T,20,Green Elastic Waist short,"Infant Boys Shorts, Boys Shorts",Green,Boys
5376-4T,Green Elastic Waist short,4T,20,Green Elastic Waist short,"Infant Boys Shorts, Boys Shorts",Green,Boys
5376-5Y,Green Elastic Waist short,5,20,Green Elastic Waist short,"Infant Boys Shorts, Boys Shorts",Green,Boys
5376-6Y,Green Elastic Waist short,6,25,Green Elastic Waist short,"Infant Boys Shorts, Boys Shorts",Green,Boys
5376-7Y,Green Elastic Waist short,7,25,Green Elastic Waist short,"Infant Boys Shorts, Boys Shorts",Green,Boys
5376-8Y,Green Elastic Waist short,8,25,Green Elastic Waist short,"Infant Boys Shorts, Boys Shorts",Green,Boys
5377-6M,Khaki elastic waist short,6 M,20,Khaki elastic waist short,"Infant Boys Shorts, Boys Shorts",Khaki,Boys
5377-9M,Khaki elastic waist short,9 M,20,Khaki elastic waist short,"Infant Boys Shorts, Boys Shorts",Khaki,Boys
5377-12M,Khaki elastic waist short,12 M,20,Khaki elastic waist short,"Infant Boys Shorts, Boys Shorts",Khaki,Boys
5377-18M,Khaki elastic waist short,18 M,20,Khaki elastic waist short,"Infant Boys Shorts, Boys Shorts",Khaki,Boys
5377-2T,Khaki elastic waist short,2T,20,Khaki elastic waist short,"Infant Boys Shorts, Boys Shorts",Khaki,Boys
5377-3T,Khaki elastic waist short,3T,20,Khaki elastic waist short,"Infant Boys Shorts, Boys Shorts",Khaki,Boys
5377-4T,Khaki elastic waist short,4T,20,Khaki elastic waist short,"Infant Boys Shorts, Boys Shorts",Khaki,Boys
5377-5Y,Khaki elastic waist short,5,20,Khaki elastic waist short,"Infant Boys Shorts, Boys Shorts",Khaki,Boys
5377-6Y,Khaki elastic waist short,6,25,Khaki elastic waist short,"Infant Boys Shorts, Boys Shorts",Khaki,Boys
5377-7Y,Khaki elastic waist short,7,25,Khaki elastic waist short,"Infant Boys Shorts, Boys Shorts",Khaki,Boys
5377-8Y,Khaki elastic waist short,8,25,Khaki elastic waist short,"Infant Boys Shorts, Boys Shorts",Khaki,Boys
5378-6M,Neon Yellow Elastic waist short,6 M,20,Neon Yellow Elastic waist short,"Infant Boys Shorts, Boys Shorts",Yellow,Boys
5378-9M,Neon Yellow Elastic waist short,9 M,20,Neon Yellow Elastic waist short,"Infant Boys Shorts, Boys Shorts",Yellow,Boys
5378-12M,Neon Yellow Elastic waist short,12 M,20,Neon Yellow Elastic waist short,"Infant Boys Shorts, Boys Shorts",Yellow,Boys
5378-18M,Neon Yellow Elastic waist short,18 M,20,Neon Yellow Elastic waist short,"Infant Boys Shorts, Boys Shorts",Yellow,Boys
5378-2T,Neon Yellow Elastic waist short,2T,20,Neon Yellow Elastic waist short,"Infant Boys Shorts, Boys Shorts",Yellow,Boys
5378-3T,Neon Yellow Elastic waist short,3T,20,Neon Yellow Elastic waist short,"Infant Boys Shorts, Boys Shorts",Yellow,Boys
5378-4T,Neon Yellow Elastic waist short,4T,20,Neon Yellow Elastic waist short,"Infant Boys Shorts, Boys Shorts",Yellow,Boys
5378-5Y,Neon Yellow Elastic waist short,5,20,Neon Yellow Elastic waist short,"Infant Boys Shorts, Boys Shorts",Yellow,Boys
5378-6Y,Neon Yellow Elastic waist short,6,25,Neon Yellow Elastic waist short,"Infant Boys Shorts, Boys Shorts",Yellow,Boys
5378-7Y,Neon Yellow Elastic waist short,7,25,Neon Yellow Elastic waist short,"Infant Boys Shorts, Boys Shorts",Yellow,Boys
5378-8Y,Neon Yellow Elastic waist short,8,25,Neon Yellow Elastic waist short,"Infant Boys Shorts, Boys Shorts",Yellow,Boys
5379-6M,Navy Elastic waist short,6 M,20,Navy Elastic waist short,"Infant Boys Shorts, Boys Shorts",Navy,Boys
5379-9M,Navy Elastic waist short,9 M,20,Navy Elastic waist short,"Infant Boys Shorts, Boys Shorts",Navy,Boys
5379-12M,Navy Elastic waist short,12 M,20,Navy Elastic waist short,"Infant Boys Shorts, Boys Shorts",Navy,Boys
5379-18M,Navy Elastic waist short,18 M,20,Navy Elastic waist short,"Infant Boys Shorts, Boys Shorts",Navy,Boys
5379-2T,Navy Elastic waist short,2T,20,Navy Elastic waist short,"Infant Boys Shorts, Boys Shorts",Navy,Boys
5379-3T,Navy Elastic waist short,3T,20,Navy Elastic waist short,"Infant Boys Shorts, Boys Shorts",Navy,Boys
5379-4T,Navy Elastic waist short,4T,20,Navy Elastic waist short,"Infant Boys Shorts, Boys Shorts",Navy,Boys
5379-5Y,Navy Elastic waist short,5,20,Navy Elastic waist short,"Infant Boys Shorts, Boys Shorts",Navy,Boys
5379-6Y,Navy Elastic waist short,6,25,Navy Elastic waist short,"Infant Boys Shorts, Boys Shorts",Navy,Boys
5379-7Y,Navy Elastic waist short,7,25,Navy Elastic waist short,"Infant Boys Shorts, Boys Shorts",Navy,Boys
5379-8Y,Navy Elastic waist short,8,25,Navy Elastic waist short,"Infant Boys Shorts, Boys Shorts",Navy,Boys
5413-6M,Grey Chino Short,6 M,25,Grey Chino Short,"Infant Boys Shorts, Boys Shorts",Grey,Boys
5413-9M,Grey Chino Short,9 M,25,Grey Chino Short,"Infant Boys Shorts, Boys Shorts",Grey,Boys
5413-12M,Grey Chino Short,12 M,25,Grey Chino Short,"Infant Boys Shorts, Boys Shorts",Grey,Boys
5413-18M,Grey Chino Short,18 M,25,Grey Chino Short,"Infant Boys Shorts, Boys Shorts",Grey,Boys
5413-2T,Grey Chino Short,2T,27,Grey Chino Short,"Infant Boys Shorts, Boys Shorts",Grey,Boys
5413-3T,Grey Chino Short,3T,27,Grey Chino Short,"Infant Boys Shorts, Boys Shorts",Grey,Boys
5413-4T,Grey Chino Short,4T,27,Grey Chino Short,"Infant Boys Shorts, Boys Shorts",Grey,Boys
5413-5Y,Grey Chino Short,5,27,Grey Chino Short,"Infant Boys Shorts, Boys Shorts",Grey,Boys
5413-6Y,Grey Chino Short,6,27,Grey Chino Short,"Infant Boys Shorts, Boys Shorts",Grey,Boys
5413-7Y,Grey Chino Short,7,27,Grey Chino Short,"Infant Boys Shorts, Boys Shorts",Grey,Boys
5413-8Y,Grey Chino Short,8,27,Grey Chino Short,"Infant Boys Shorts, Boys Shorts",Grey,Boys
5384-6M,White Chino Short,6 M,25,White Chino Short,"Infant Boys Shorts, Boys Shorts",White ,Boys
5384-9M,White Chino Short,9 M,25,White Chino Short,"Infant Boys Shorts, Boys Shorts",White ,Boys
5384-12M,White Chino Short,12 M,25,White Chino Short,"Infant Boys Shorts, Boys Shorts",White ,Boys
5384-18M,White Chino Short,18 M,25,White Chino Short,"Infant Boys Shorts, Boys Shorts",White ,Boys
5384-2T,White Chino Short,2T,27,White Chino Short,"Infant Boys Shorts, Boys Shorts",White ,Boys
5384-3T,White Chino Short,3T,27,White Chino Short,"Infant Boys Shorts, Boys Shorts",White ,Boys
5384-4T,White Chino Short,4T,27,White Chino Short,"Infant Boys Shorts, Boys Shorts",White ,Boys
5384-5Y,White Chino Short,5,27,White Chino Short,"Infant Boys Shorts, Boys Shorts",White ,Boys
5384-6Y,White Chino Short,6,27,White Chino Short,"Infant Boys Shorts, Boys Shorts",White ,Boys
5384-7Y,White Chino Short,7,27,White Chino Short,"Infant Boys Shorts, Boys Shorts",White ,Boys
5384-8Y,White Chino Short,8,27,White Chino Short,"Infant Boys Shorts, Boys Shorts",White ,Boys
5389-6M,Gray Tipped Cardigan ,6 M,35,Gray Tipped Cardigan ,"Infant Boys Sweater, Boys Sweaters",Grey,Boys
5389-9M,Gray Tipped Cardigan ,9 M,35,Gray Tipped Cardigan ,"Infant Boys Sweater, Boys Sweaters",Grey,Boys
5389-12M,Gray Tipped Cardigan ,12 M,35,Gray Tipped Cardigan ,"Infant Boys Sweater, Boys Sweaters",Grey,Boys
5389-18M,Gray Tipped Cardigan ,18 M,35,Gray Tipped Cardigan ,"Infant Boys Sweater, Boys Sweaters",Grey,Boys
5389-2T,Gray Tipped Cardigan ,2T,35,Gray Tipped Cardigan ,"Infant Boys Sweater, Boys Sweaters",Grey,Boys
5389-3T,Gray Tipped Cardigan ,3T,35,Gray Tipped Cardigan ,"Infant Boys Sweater, Boys Sweaters",Grey,Boys
5389-4T,Gray Tipped Cardigan ,4T,35,Gray Tipped Cardigan ,"Infant Boys Sweater, Boys Sweaters",Grey,Boys
5389-5Y,Gray Tipped Cardigan ,5,35,Gray Tipped Cardigan ,"Infant Boys Sweater, Boys Sweaters",Grey,Boys
5389-6Y,Gray Tipped Cardigan ,6,40,Gray Tipped Cardigan ,"Infant Boys Sweater, Boys Sweaters",Grey,Boys
5389-7Y,Gray Tipped Cardigan ,7,40,Gray Tipped Cardigan ,"Infant Boys Sweater, Boys Sweaters",Grey,Boys
5389-8Y,Gray Tipped Cardigan ,8,40,Gray Tipped Cardigan ,"Infant Boys Sweater, Boys Sweaters",Grey,Boys
5333-6M,Purple Short Sleeve Ruffle Bodysuit ,6 M,15,Purple Short Sleeve Ruffle Bodysuit ,Infant Girls Bodysuits,Purple,Girls 
5333-12M,Purple Short Sleeve Ruffle Bodysuit ,12 M,15,Purple Short Sleeve Ruffle Bodysuit ,Infant Girls Bodysuits,Purple,Girls 
5333-18M,Purple Short Sleeve Ruffle Bodysuit ,18 M,15,Purple Short Sleeve Ruffle Bodysuit ,Infant Girls Bodysuits,Purple,Girls 
5334-6M,Hot Pink Short Sleeve Ruffle Bodysuit ,6 M,15,Hot Pink Short Sleeve Ruffle Bodysuit ,Infant Girls Bodysuits,Pink,Girls 
5334-12M,Hot Pink Short Sleeve Ruffle Bodysuit ,12 M,15,Hot Pink Short Sleeve Ruffle Bodysuit ,Infant Girls Bodysuits,Pink,Girls 
5334-18M,Hot Pink Short Sleeve Ruffle Bodysuit ,18 M,15,Hot Pink Short Sleeve Ruffle Bodysuit ,Infant Girls Bodysuits,Pink,Girls 
5335-6M,White Short Sleeve Ruffle Bodysuit ,6 M,15,White Short Sleeve Ruffle Bodysuit ,Infant Girls Bodysuits,White,Girls 
5335-12M,White Short Sleeve Ruffle Bodysuit ,12 M,15,White Short Sleeve Ruffle Bodysuit ,Infant Girls Bodysuits,White,Girls 
5335-18M,White Short Sleeve Ruffle Bodysuit ,18 M,15,White Short Sleeve Ruffle Bodysuit ,Infant Girls Bodysuits,White,Girls 
5353-3M,Red floral bubble with blue floral detail,3 M,15,Red floral bubble with blue floral detail,Infant Girls Bubble,Red,Girls 
5353-6M,Red floral bubble with blue floral detail,6 M,15,Red floral bubble with blue floral detail,Infant Girls Bubble,Red,Girls 
5353-12M,Red floral bubble with blue floral detail,12 M,15,Red floral bubble with blue floral detail,Infant Girls Bubble,Red,Girls 
5358-3M,Chambray Heart Bubble,3 M,15,Chambray Heart Bubble,Infant Girls Bubble,Lt. Blue,Girls 
5358-6M,Chambray Heart Bubble,6 M,15,Chambray Heart Bubble,Infant Girls Bubble,Lt. Blue,Girls 
5358-12M,Chambray Heart Bubble,12 M,15,Chambray Heart Bubble,Infant Girls Bubble,Lt. Blue,Girls 
5427-6M,Purple Ruffle Tutu Bodysuit ,6 M,22,Purple Ruffle Tutu Bodysuit ,Infant Girls Dress,Purple,Girls 
5427-12M,Purple Ruffle Tutu Bodysuit ,12 M,22,Purple Ruffle Tutu Bodysuit ,Infant Girls Dress,Purple,Girls 
5427-18M,Purple Ruffle Tutu Bodysuit ,18 M,22,Purple Ruffle Tutu Bodysuit ,Infant Girls Dress,Purple,Girls 
5427-24M,Purple Ruffle Tutu Bodysuit ,24 M,22,Purple Ruffle Tutu Bodysuit ,Infant Girls Dress,Purple,Girls 
5428-6M,Hot Pink Ruffle Tutu Bodysuit,6 M,22,Hot Pink Ruffle Tutu Bodysuit,Infant Girls Dress,Pink,Girls 
5428-12M,Hot Pink Ruffle Tutu Bodysuit,12 M,22,Hot Pink Ruffle Tutu Bodysuit,Infant Girls Dress,Pink,Girls 
5428-18M,Hot Pink Ruffle Tutu Bodysuit,18 M,22,Hot Pink Ruffle Tutu Bodysuit,Infant Girls Dress,Pink,Girls 
5428-24M,Hot Pink Ruffle Tutu Bodysuit,24 M,22,Hot Pink Ruffle Tutu Bodysuit,Infant Girls Dress,Pink,Girls 
5429-6M,White Ruffle Tutu Bodysuit,6 M,22,White Ruffle Tutu Bodysuit,Infant Girls Dress,White,Girls 
5429-12M,White Ruffle Tutu Bodysuit,12 M,22,White Ruffle Tutu Bodysuit,Infant Girls Dress,White,Girls 
5429-18M,White Ruffle Tutu Bodysuit,18 M,22,White Ruffle Tutu Bodysuit,Infant Girls Dress,White,Girls 
5429-24M,White Ruffle Tutu Bodysuit,24 M,22,White Ruffle Tutu Bodysuit,Infant Girls Dress,White,Girls 
5421-12M,Purple Ruffle Dress ,12 M,20,Purple Ruffle Dress ,"Infant Girls Dress, Girls Dress",Purple,Girls 
5421-18M,Purple Ruffle Dress ,18 M,20,Purple Ruffle Dress ,"Infant Girls Dress, Girls Dress",Purple,Girls 
5421-24M,Purple Ruffle Dress ,24 M,20,Purple Ruffle Dress ,"Infant Girls Dress, Girls Dress",Purple,Girls 
5421-2T,Purple Ruffle Dress ,2T,20,Purple Ruffle Dress ,"Infant Girls Dress, Girls Dress",Purple,Girls 
5421-3T,Purple Ruffle Dress ,3T,20,Purple Ruffle Dress ,"Infant Girls Dress, Girls Dress",Purple,Girls 
5421-4T,Purple Ruffle Dress ,4T,20,Purple Ruffle Dress ,"Infant Girls Dress, Girls Dress",Purple,Girls 
5422-12M,Hot Pink Ruffle Dress,12 M,20,Hot Pink Ruffle Dress,"Infant Girls Dress, Girls Dress",Pink,Girls 
5422-18M,Hot Pink Ruffle Dress,18 M,20,Hot Pink Ruffle Dress,"Infant Girls Dress, Girls Dress",Pink,Girls 
5422-24M,Hot Pink Ruffle Dress,24 M,20,Hot Pink Ruffle Dress,"Infant Girls Dress, Girls Dress",Pink,Girls 
5422-2T,Hot Pink Ruffle Dress,2T,20,Hot Pink Ruffle Dress,"Infant Girls Dress, Girls Dress",Pink,Girls 
5422-3T,Hot Pink Ruffle Dress,3T,20,Hot Pink Ruffle Dress,"Infant Girls Dress, Girls Dress",Pink,Girls 
5422-4T,Hot Pink Ruffle Dress,4T,20,Hot Pink Ruffle Dress,"Infant Girls Dress, Girls Dress",Pink,Girls 
5423-12M,White Ruffle Dress,12 M,20,White Ruffle Dress,"Infant Girls Dress, Girls Dress",White,Girls 
5423-18M,White Ruffle Dress,18 M,20,White Ruffle Dress,"Infant Girls Dress, Girls Dress",White,Girls 
5423-24M,White Ruffle Dress,24 M,20,White Ruffle Dress,"Infant Girls Dress, Girls Dress",White,Girls 
5423-2T,White Ruffle Dress,2T,20,White Ruffle Dress,"Infant Girls Dress, Girls Dress",White,Girls 
5423-3T,White Ruffle Dress,3T,20,White Ruffle Dress,"Infant Girls Dress, Girls Dress",White,Girls 
5423-4T,White Ruffle Dress,4T,20,White Ruffle Dress,"Infant Girls Dress, Girls Dress",White,Girls 
5424-18M,Purple Ruffle Tutu Dress ,18 M,20,Purple Ruffle Tutu Dress ,"Infant Girls Dress, Girls Dress",Purple,Girls 
5424-24M,Purple Ruffle Tutu Dress ,24 M,20,Purple Ruffle Tutu Dress ,"Infant Girls Dress, Girls Dress",Purple,Girls 
5424-2T,Purple Ruffle Tutu Dress ,2T,20,Purple Ruffle Tutu Dress ,"Infant Girls Dress, Girls Dress",Purple,Girls 
5424-3T,Purple Ruffle Tutu Dress ,3T,20,Purple Ruffle Tutu Dress ,"Infant Girls Dress, Girls Dress",Purple,Girls 
5424-4T,Purple Ruffle Tutu Dress ,4T,20,Purple Ruffle Tutu Dress ,"Infant Girls Dress, Girls Dress",Purple,Girls 
5425-18M,Hot Pink Ruffle Tutu Dress,18 M,20,Hot Pink Ruffle Tutu Dress,"Infant Girls Dress, Girls Dress",Pink,Girls 
5425-24M,Hot Pink Ruffle Tutu Dress,24 M,20,Hot Pink Ruffle Tutu Dress,"Infant Girls Dress, Girls Dress",Pink,Girls 
5425-2T,Hot Pink Ruffle Tutu Dress,2T,20,Hot Pink Ruffle Tutu Dress,"Infant Girls Dress, Girls Dress",Pink,Girls 
5425-3T,Hot Pink Ruffle Tutu Dress,3T,20,Hot Pink Ruffle Tutu Dress,"Infant Girls Dress, Girls Dress",Pink,Girls 
5425-4T,Hot Pink Ruffle Tutu Dress,4T,20,Hot Pink Ruffle Tutu Dress,"Infant Girls Dress, Girls Dress",Pink,Girls 
5426-18M,White Ruffle Tutu Dress,18 M,20,White Ruffle Tutu Dress,"Infant Girls Dress, Girls Dress",White,Girls 
5426-24M,White Ruffle Tutu Dress,24 M,20,White Ruffle Tutu Dress,"Infant Girls Dress, Girls Dress",White,Girls 
5426-2T,White Ruffle Tutu Dress,2T,20,White Ruffle Tutu Dress,"Infant Girls Dress, Girls Dress",White,Girls 
5426-3T,White Ruffle Tutu Dress,3T,20,White Ruffle Tutu Dress,"Infant Girls Dress, Girls Dress",White,Girls 
5426-4T,White Ruffle Tutu Dress,4T,20,White Ruffle Tutu Dress,"Infant Girls Dress, Girls Dress",White,Girls 
5368-6M,Purple Ruffle Tunic Pant ,6 M,13,Purple Ruffle Tunic Pant ,"Infant Girls Pants, Girls Pants",PUrple,Girls 
5368-12M,Purple Ruffle Tunic Pant ,12 M,13,Purple Ruffle Tunic Pant ,"Infant Girls Pants, Girls Pants",PUrple,Girls 
5368-18M,Purple Ruffle Tunic Pant ,18 M,13,Purple Ruffle Tunic Pant ,"Infant Girls Pants, Girls Pants",PUrple,Girls 
5368-24M,Purple Ruffle Tunic Pant ,24 M,13,Purple Ruffle Tunic Pant ,"Infant Girls Pants, Girls Pants",PUrple,Girls 
5386-2T,Purple Ruffle Tunic Pant ,2T,13,Purple Ruffle Tunic Pant ,"Infant Girls Pants, Girls Pants",PUrple,Girls 
5386-3T,Purple Ruffle Tunic Pant ,3T,13,Purple Ruffle Tunic Pant ,"Infant Girls Pants, Girls Pants",PUrple,Girls 
5386-4T,Purple Ruffle Tunic Pant ,4T,13,Purple Ruffle Tunic Pant ,"Infant Girls Pants, Girls Pants",PUrple,Girls 
5369-6M,Hot Pink Ruffle Tunic Pant ,6 M,13,Hot Pink Ruffle Tunic Pant ,"Infant Girls Pants, Girls Pants",Pink,Girls 
5369-12M,Hot Pink Ruffle Tunic Pant ,12 M,13,Hot Pink Ruffle Tunic Pant ,"Infant Girls Pants, Girls Pants",Pink,Girls 
5369-18M,Hot Pink Ruffle Tunic Pant ,18 M,13,Hot Pink Ruffle Tunic Pant ,"Infant Girls Pants, Girls Pants",Pink,Girls 
5369-24M,Hot Pink Ruffle Tunic Pant ,24 M,13,Hot Pink Ruffle Tunic Pant ,"Infant Girls Pants, Girls Pants",Pink,Girls 
5369-2T,Hot Pink Ruffle Tunic Pant ,2T,13,Hot Pink Ruffle Tunic Pant ,"Infant Girls Pants, Girls Pants",Pink,Girls 
5369-3T,Hot Pink Ruffle Tunic Pant ,3T,13,Hot Pink Ruffle Tunic Pant ,"Infant Girls Pants, Girls Pants",Pink,Girls 
5369-4T,Hot Pink Ruffle Tunic Pant ,4T,13,Hot Pink Ruffle Tunic Pant ,"Infant Girls Pants, Girls Pants",Pink,Girls 
5420-6M,White Ruffle Tunic Pant ,6 M,13,White Ruffle Tunic Pant ,"Infant Girls Pants, Girls Pants",White,Girls 
5420-12M,White Ruffle Tunic Pant ,12 M,13,White Ruffle Tunic Pant ,"Infant Girls Pants, Girls Pants",White,Girls 
5420-18M,White Ruffle Tunic Pant ,18 M,13,White Ruffle Tunic Pant ,"Infant Girls Pants, Girls Pants",White,Girls 
5420-24M,White Ruffle Tunic Pant ,24 M,13,White Ruffle Tunic Pant ,"Infant Girls Pants, Girls Pants",White,Girls 
5420-2T,White Ruffle Tunic Pant ,2T,13,White Ruffle Tunic Pant ,"Infant Girls Pants, Girls Pants",White,Girls 
5420-3T,White Ruffle Tunic Pant ,3T,13,White Ruffle Tunic Pant ,"Infant Girls Pants, Girls Pants",White,Girls 
5420-4T,White Ruffle Tunic Pant ,4T,13,White Ruffle Tunic Pant ,"Infant Girls Pants, Girls Pants",White,Girls 
5279-3M,"Red Jeggings
",3 M,18,"Red Jeggings
","Infant Girls Pants, Girls Pants",Red,Girls 
5279-6M,"Red Jeggings
",6 M,18,"Red Jeggings
","Infant Girls Pants, Girls Pants",Red,Girls 
5279-9M,"Red Jeggings
",9 M,18,"Red Jeggings
","Infant Girls Pants, Girls Pants",Red,Girls 
5279-12M,"Red Jeggings
",12 M,18,"Red Jeggings
","Infant Girls Pants, Girls Pants",Red,Girls 
5279-18M,"Red Jeggings
",18 M,18,"Red Jeggings
","Infant Girls Pants, Girls Pants",Red,Girls 
5279-2T,"Red Jeggings
",2T,18,"Red Jeggings
","Infant Girls Pants, Girls Pants",Red,Girls 
5279-3T,"Red Jeggings
",3T,18,"Red Jeggings
","Infant Girls Pants, Girls Pants",Red,Girls 
5279-4T,"Red Jeggings
",4T,18,"Red Jeggings
","Infant Girls Pants, Girls Pants",Red,Girls 
5279-5Y,"Red Jeggings
",5,18,"Red Jeggings
","Infant Girls Pants, Girls Pants",Red,Girls 
5279-6Y,"Red Jeggings
",6,19,"Red Jeggings
","Infant Girls Pants, Girls Pants",Red,Girls 
5279-7Y,"Red Jeggings
",7,19,"Red Jeggings
","Infant Girls Pants, Girls Pants",Red,Girls 
5279-8Y,"Red Jeggings
",8,19,"Red Jeggings
","Infant Girls Pants, Girls Pants",Red,Girls 
5308-6M,"Blue Jeggings
",6 M,18,"Blue Jeggings
","Infant Girls Pants, Girls Pants",Blue,Girls 
5308-9M,"Blue Jeggings
",9 M,18,"Blue Jeggings
","Infant Girls Pants, Girls Pants",Blue,Girls 
5308-12M,"Blue Jeggings
",12 M,18,"Blue Jeggings
","Infant Girls Pants, Girls Pants",Blue,Girls 
5308-18M,"Blue Jeggings
",18 M,18,"Blue Jeggings
","Infant Girls Pants, Girls Pants",Blue,Girls 
5308-2T,"Blue Jeggings
",2T,18,"Blue Jeggings
","Infant Girls Pants, Girls Pants",Blue,Girls 
5308-3T,"Blue Jeggings
",3T,18,"Blue Jeggings
","Infant Girls Pants, Girls Pants",Blue,Girls 
5308-4T,"Blue Jeggings
",4T,18,"Blue Jeggings
","Infant Girls Pants, Girls Pants",Blue,Girls 
5308-5Y,"Blue Jeggings
",5,18,"Blue Jeggings
","Infant Girls Pants, Girls Pants",Blue,Girls 
5308-6Y,"Blue Jeggings
",6,19,"Blue Jeggings
","Infant Girls Pants, Girls Pants",Blue,Girls 
5308-7Y,"Blue Jeggings
",7,19,"Blue Jeggings
","Infant Girls Pants, Girls Pants",Blue,Girls 
5308-8Y,"Blue Jeggings
",8,19,"Blue Jeggings
","Infant Girls Pants, Girls Pants",Blue,Girls 
5309-6M,"Dark Denim Jeggings
",6 M,18,"Dark Denim Jeggings
","Infant Girls Pants, Girls Pants",Denim,Girls 
5309-9M,"Dark Denim Jeggings
",9 M,18,"Dark Denim Jeggings
","Infant Girls Pants, Girls Pants",Denim,Girls 
5309-12M,"Dark Denim Jeggings
",12 M,18,"Dark Denim Jeggings
","Infant Girls Pants, Girls Pants",Denim,Girls 
5309-18M,"Dark Denim Jeggings
",18 M,18,"Dark Denim Jeggings
","Infant Girls Pants, Girls Pants",Denim,Girls 
5410-3M,"Denim Jeggings
",3 M,18,"Denim Jeggings
","Infant Girls Pants, Girls Pants",Denim,Girls 
5410-6M,"Denim Jeggings
",6 M,18,"Denim Jeggings
","Infant Girls Pants, Girls Pants",Denim,Girls 
5410-9M,"Denim Jeggings
",9 M,18,"Denim Jeggings
","Infant Girls Pants, Girls Pants",Denim,Girls 
5410-12M,"Denim Jeggings
",12 M,18,"Denim Jeggings
","Infant Girls Pants, Girls Pants",Denim,Girls 
5410-18M,"Denim Jeggings
",18 M,18,"Denim Jeggings
","Infant Girls Pants, Girls Pants",Denim,Girls 
5410-2T,"Denim Jeggings
",2T,18,"Denim Jeggings
","Infant Girls Pants, Girls Pants",Denim,Girls 
5410-3T,"Denim Jeggings
",3T,18,"Denim Jeggings
","Infant Girls Pants, Girls Pants",Denim,Girls 
5410-4T,"Denim Jeggings
",4T,18,"Denim Jeggings
","Infant Girls Pants, Girls Pants",Denim,Girls 
5410-5Y,"Denim Jeggings
",5,18,"Denim Jeggings
","Infant Girls Pants, Girls Pants",Denim,Girls 
5410-6Y,"Denim Jeggings
",6,19,"Denim Jeggings
","Infant Girls Pants, Girls Pants",Denim,Girls 
5410-7Y,"Denim Jeggings
",7,19,"Denim Jeggings
","Infant Girls Pants, Girls Pants",Denim,Girls 
5410-8Y,"Denim Jeggings
",8,19,"Denim Jeggings
","Infant Girls Pants, Girls Pants",Denim,Girls 
5411-3M,"Hot Pink Jeggings
",3 M,18,"Hot Pink Jeggings
","Infant Girls Pants, Girls Pants",Pink,Girls 
5411-6M,"Hot Pink Jeggings
",6 M,18,"Hot Pink Jeggings
","Infant Girls Pants, Girls Pants",Pink,Girls 
5411-9M,"Hot Pink Jeggings
",9 M,18,"Hot Pink Jeggings
","Infant Girls Pants, Girls Pants",Pink,Girls 
5411-12M,"Hot Pink Jeggings
",12 M,18,"Hot Pink Jeggings
","Infant Girls Pants, Girls Pants",Pink,Girls 
5411-18M,"Hot Pink Jeggings
",18 M,18,"Hot Pink Jeggings
","Infant Girls Pants, Girls Pants",Pink,Girls 
5411-2T,"Hot Pink Jeggings
",2T,18,"Hot Pink Jeggings
","Infant Girls Pants, Girls Pants",Pink,Girls 
5411-3T,"Hot Pink Jeggings
",3T,18,"Hot Pink Jeggings
","Infant Girls Pants, Girls Pants",Pink,Girls 
5411-4T,"Hot Pink Jeggings
",4T,18,"Hot Pink Jeggings
","Infant Girls Pants, Girls Pants",Pink,Girls 
5411-5Y,"Hot Pink Jeggings
",5,18,"Hot Pink Jeggings
","Infant Girls Pants, Girls Pants",Pink,Girls 
5412-6M,"White Jeggings
",6 M,18,"White Jeggings
","Infant Girls Pants, Girls Pants",White,Girls 
5412-9M,"White Jeggings
",9 M,18,"White Jeggings
","Infant Girls Pants, Girls Pants",White,Girls 
5412-12M,"White Jeggings
",12 M,18,"White Jeggings
","Infant Girls Pants, Girls Pants",White,Girls 
5412-18M,"White Jeggings
",18 M,18,"White Jeggings
","Infant Girls Pants, Girls Pants",White,Girls 
5412-2T,"White Jeggings
",2T,18,"White Jeggings
","Infant Girls Pants, Girls Pants",White,Girls 
5412-3T,"White Jeggings
",3T,18,"White Jeggings
","Infant Girls Pants, Girls Pants",White,Girls 
5412-4T,"White Jeggings
",4T,18,"White Jeggings
","Infant Girls Pants, Girls Pants",White,Girls 
5412-5Y,"White Jeggings
",5,18,"White Jeggings
","Infant Girls Pants, Girls Pants",White,Girls 
5412-6Y,"White Jeggings
",6,19,"White Jeggings
","Infant Girls Pants, Girls Pants",White,Girls 
5412-7Y,"White Jeggings
",7,19,"White Jeggings
","Infant Girls Pants, Girls Pants",White,Girls 
5412-8Y,"White Jeggings
",8,19,"White Jeggings
","Infant Girls Pants, Girls Pants",White,Girls 
5478-6M,"Yellow Jeggings
",6 M,18,"Yellow Jeggings
","Infant Girls Pants, Girls Pants",Yellow,Girls 
5478-9M,"Yellow Jeggings
",9 M,18,"Yellow Jeggings
","Infant Girls Pants, Girls Pants",Yellow,Girls 
5478-12M,"Yellow Jeggings
",12 M,18,"Yellow Jeggings
","Infant Girls Pants, Girls Pants",Yellow,Girls 
5478-18M,"Yellow Jeggings
",18 M,18,"Yellow Jeggings
","Infant Girls Pants, Girls Pants",Yellow,Girls 
5478-2T,"Yellow Jeggings
",2T,18,"Yellow Jeggings
","Infant Girls Pants, Girls Pants",Yellow,Girls 
5478-3T,"Yellow Jeggings
",3T,18,"Yellow Jeggings
","Infant Girls Pants, Girls Pants",Yellow,Girls 
5478-4T,"Yellow Jeggings
",4T,18,"Yellow Jeggings
","Infant Girls Pants, Girls Pants",Yellow,Girls 
5478-5Y,"Yellow Jeggings
",5,18,"Yellow Jeggings
","Infant Girls Pants, Girls Pants",Yellow,Girls 
5270-6M,"Red Stretchie Pant
",6 M,16,"Red Stretchie Pant
","Infant Girls Pants, Girls Pants",Red,Girls 
5270-9M,"Red Stretchie Pant
",9 M,16,"Red Stretchie Pant
","Infant Girls Pants, Girls Pants",Red,Girls 
5270-12M,"Red Stretchie Pant
",12 M,16,"Red Stretchie Pant
","Infant Girls Pants, Girls Pants",Red,Girls 
5270-18M,"Red Stretchie Pant
",18 M,16,"Red Stretchie Pant
","Infant Girls Pants, Girls Pants",Red,Girls 
5270-2T,"Red Stretchie Pant
",2T,16,"Red Stretchie Pant
","Infant Girls Pants, Girls Pants",Red,Girls 
5270-3T,"Red Stretchie Pant
",3T,16,"Red Stretchie Pant
","Infant Girls Pants, Girls Pants",Red,Girls 
5270-4T,"Red Stretchie Pant
",4T,16,"Red Stretchie Pant
","Infant Girls Pants, Girls Pants",Red,Girls 
5270-5Y,"Red Stretchie Pant
",5,16,"Red Stretchie Pant
","Infant Girls Pants, Girls Pants",Red,Girls 
5270-6Y,"Red Stretchie Pant
",6,17,"Red Stretchie Pant
","Infant Girls Pants, Girls Pants",Red,Girls 
5270-7Y,"Red Stretchie Pant
",7,17,"Red Stretchie Pant
","Infant Girls Pants, Girls Pants",Red,Girls 
5270-8Y,"Red Stretchie Pant
",8,17,"Red Stretchie Pant
","Infant Girls Pants, Girls Pants",Red,Girls 
5271-6M,"Hot Pink Stretchie Pant
",6 M,16,"Hot Pink Stretchie Pant
","Infant Girls Pants, Girls Pants",Pink,Girls 
5271-9M,"Hot Pink Stretchie Pant
",9 M,16,"Hot Pink Stretchie Pant
","Infant Girls Pants, Girls Pants",Pink,Girls 
5271-12M,"Hot Pink Stretchie Pant
",12 M,16,"Hot Pink Stretchie Pant
","Infant Girls Pants, Girls Pants",Pink,Girls 
5271-18M,"Hot Pink Stretchie Pant
",18 M,16,"Hot Pink Stretchie Pant
","Infant Girls Pants, Girls Pants",Pink,Girls 
5271-2T,"Hot Pink Stretchie Pant
",2T,16,"Hot Pink Stretchie Pant
","Infant Girls Pants, Girls Pants",Pink,Girls 
5271-3T,"Hot Pink Stretchie Pant
",3T,16,"Hot Pink Stretchie Pant
","Infant Girls Pants, Girls Pants",Pink,Girls 
5271-4T,"Hot Pink Stretchie Pant
",4T,16,"Hot Pink Stretchie Pant
","Infant Girls Pants, Girls Pants",Pink,Girls 
5271-5Y,"Hot Pink Stretchie Pant
",5,16,"Hot Pink Stretchie Pant
","Infant Girls Pants, Girls Pants",Pink,Girls 
5271-6Y,"Hot Pink Stretchie Pant
",6,17,"Hot Pink Stretchie Pant
","Infant Girls Pants, Girls Pants",Pink,Girls 
5271-7Y,"Hot Pink Stretchie Pant
",7,17,"Hot Pink Stretchie Pant
","Infant Girls Pants, Girls Pants",Pink,Girls 
5271-8Y,"Hot Pink Stretchie Pant
",8,17,"Hot Pink Stretchie Pant
","Infant Girls Pants, Girls Pants",Pink,Girls 
5272-6M,"Purple Stretchie Pant
",6 M,16,"Purple Stretchie Pant
","Infant Girls Pants, Girls Pants",Purple,Girls 
5272-9M,"Purple Stretchie Pant
",9 M,16,"Purple Stretchie Pant
","Infant Girls Pants, Girls Pants",Purple,Girls 
5272-12M,"Purple Stretchie Pant
",12 M,16,"Purple Stretchie Pant
","Infant Girls Pants, Girls Pants",Purple,Girls 
5272-18M,"Purple Stretchie Pant
",18 M,16,"Purple Stretchie Pant
","Infant Girls Pants, Girls Pants",Purple,Girls 
5272-2T,"Purple Stretchie Pant
",2T,16,"Purple Stretchie Pant
","Infant Girls Pants, Girls Pants",Purple,Girls 
5272-3T,"Purple Stretchie Pant
",3T,16,"Purple Stretchie Pant
","Infant Girls Pants, Girls Pants",Purple,Girls 
5272-4T,"Purple Stretchie Pant
",4T,16,"Purple Stretchie Pant
","Infant Girls Pants, Girls Pants",Purple,Girls 
5272-5Y,"Purple Stretchie Pant
",5,16,"Purple Stretchie Pant
","Infant Girls Pants, Girls Pants",Purple,Girls 
5275-6M,"Black Stretchie Pant
",6 M,16,"Black Stretchie Pant
","Infant Girls Pants, Girls Pants",Black,Girls 
5275-9M,"Black Stretchie Pant
",9 M,16,"Black Stretchie Pant
","Infant Girls Pants, Girls Pants",Black,Girls 
5275-12M,"Black Stretchie Pant
",12 M,16,"Black Stretchie Pant
","Infant Girls Pants, Girls Pants",Black,Girls 
5275-18M,"Black Stretchie Pant
",18 M,16,"Black Stretchie Pant
","Infant Girls Pants, Girls Pants",Black,Girls 
5275-2T,"Black Stretchie Pant
",2T,16,"Black Stretchie Pant
","Infant Girls Pants, Girls Pants",Black,Girls 
5275-3T,"Black Stretchie Pant
",3T,16,"Black Stretchie Pant
","Infant Girls Pants, Girls Pants",Black,Girls 
5275-4T,"Black Stretchie Pant
",4T,16,"Black Stretchie Pant
","Infant Girls Pants, Girls Pants",Black,Girls 
5275-5Y,"Black Stretchie Pant
",5,16,"Black Stretchie Pant
","Infant Girls Pants, Girls Pants",Black,Girls 
5275-6Y,"Black Stretchie Pant
",6,17,"Black Stretchie Pant
","Infant Girls Pants, Girls Pants",Black,Girls 
5275-7Y,"Black Stretchie Pant
",7,17,"Black Stretchie Pant
","Infant Girls Pants, Girls Pants",Black,Girls 
5275-8Y,"Black Stretchie Pant
",8,17,"Black Stretchie Pant
","Infant Girls Pants, Girls Pants",Black,Girls 
5276-6M,"Silver Gray Stretchie Pant
",6 M,16,"Silver Gray Stretchie Pant
","Infant Girls Pants, Girls Pants",Silver,Girls 
5276-9M,"Silver Gray Stretchie Pant
",9 M,16,"Silver Gray Stretchie Pant
","Infant Girls Pants, Girls Pants",Silver,Girls 
5276-12M,"Silver Gray Stretchie Pant
",12 M,16,"Silver Gray Stretchie Pant
","Infant Girls Pants, Girls Pants",Silver,Girls 
5276-18M,"Silver Gray Stretchie Pant
",18 M,16,"Silver Gray Stretchie Pant
","Infant Girls Pants, Girls Pants",Silver,Girls 
5276-2T,"Silver Gray Stretchie Pant
",2T,16,"Silver Gray Stretchie Pant
","Infant Girls Pants, Girls Pants",Silver,Girls 
5276-3T,"Silver Gray Stretchie Pant
",3T,16,"Silver Gray Stretchie Pant
","Infant Girls Pants, Girls Pants",Silver,Girls 
5276-4T,"Silver Gray Stretchie Pant
",4T,16,"Silver Gray Stretchie Pant
","Infant Girls Pants, Girls Pants",Silver,Girls 
5276-5Y,"Silver Gray Stretchie Pant
",5,16,"Silver Gray Stretchie Pant
","Infant Girls Pants, Girls Pants",Silver,Girls 
5276-6Y,"Silver Gray Stretchie Pant
",6,17,"Silver Gray Stretchie Pant
","Infant Girls Pants, Girls Pants",Silver,Girls 
5276-7Y,"Silver Gray Stretchie Pant
",7,17,"Silver Gray Stretchie Pant
","Infant Girls Pants, Girls Pants",Silver,Girls 
5276-8Y,"Silver Gray Stretchie Pant
",8,17,"Silver Gray Stretchie Pant
","Infant Girls Pants, Girls Pants",Silver,Girls 
5313-6M,"Pink Stretchie Pant
",6 M,16,"Pink Stretchie Pant
","Infant Girls Pants, Girls Pants",Pink,Girls 
5313-9M,"Pink Stretchie Pant
",9 M,16,"Pink Stretchie Pant
","Infant Girls Pants, Girls Pants",Pink,Girls 
5313-12M,"Pink Stretchie Pant
",12 M,16,"Pink Stretchie Pant
","Infant Girls Pants, Girls Pants",Pink,Girls 
5313-18M,"Pink Stretchie Pant
",18 M,16,"Pink Stretchie Pant
","Infant Girls Pants, Girls Pants",Pink,Girls 
5313-2T,"Pink Stretchie Pant
",2T,16,"Pink Stretchie Pant
","Infant Girls Pants, Girls Pants",Pink,Girls 
5313-3T,"Pink Stretchie Pant
",3T,16,"Pink Stretchie Pant
","Infant Girls Pants, Girls Pants",Pink,Girls 
5313-4T,"Pink Stretchie Pant
",4T,16,"Pink Stretchie Pant
","Infant Girls Pants, Girls Pants",Pink,Girls 
5313-5Y,"Pink Stretchie Pant
",5,16,"Pink Stretchie Pant
","Infant Girls Pants, Girls Pants",Pink,Girls 
5387-3M,Yellow eyelet romper,3 M,20,Yellow eyelet romper,Infant Girls Romper,Yellow,Girls 
5387-6M,Yellow eyelet romper,6 M,20,Yellow eyelet romper,Infant Girls Romper,Yellow,Girls 
5387-12M,Yellow eyelet romper,12 M,20,Yellow eyelet romper,Infant Girls Romper,Yellow,Girls 
5328-12M,Polka Dot Skirt,12 M,15,Polka Dot Skirt,"Infant Girls Skirts, Girls Skirts",Black,Girls 
5328-18M,Polka Dot Skirt,18 M,15,Polka Dot Skirt,"Infant Girls Skirts, Girls Skirts",Black,Girls 
5328-2T,Polka Dot Skirt,2T,15,Polka Dot Skirt,"Infant Girls Skirts, Girls Skirts",Black,Girls 
5328-3T,Polka Dot Skirt,3T,15,Polka Dot Skirt,"Infant Girls Skirts, Girls Skirts",Black,Girls 
5325-3M,Blue Denim Heart Ruffle Shirt,3 M,15,Blue Denim Heart Ruffle Shirt,"Infant Girls Tops, Girls Tops",Denim,Girls 
5325-6M,Blue Denim Heart Ruffle Shirt,6 M,15,Blue Denim Heart Ruffle Shirt,"Infant Girls Tops, Girls Tops",Denim,Girls 
5325-9M,Blue Denim Heart Ruffle Shirt,9 M,15,Blue Denim Heart Ruffle Shirt,"Infant Girls Tops, Girls Tops",Denim,Girls 
5325-12M,Blue Denim Heart Ruffle Shirt,12 M,15,Blue Denim Heart Ruffle Shirt,"Infant Girls Tops, Girls Tops",Denim,Girls 
5325-18M,Blue Denim Heart Ruffle Shirt,18 M,15,Blue Denim Heart Ruffle Shirt,"Infant Girls Tops, Girls Tops",Denim,Girls 
5325-2T,Blue Denim Heart Ruffle Shirt,2T,15,Blue Denim Heart Ruffle Shirt,"Infant Girls Tops, Girls Tops",Denim,Girls 
5325-3T,Blue Denim Heart Ruffle Shirt,3T,15,Blue Denim Heart Ruffle Shirt,"Infant Girls Tops, Girls Tops",Denim,Girls 
5325-4T,Blue Denim Heart Ruffle Shirt,4T,15,Blue Denim Heart Ruffle Shirt,"Infant Girls Tops, Girls Tops",Denim,Girls 
5325-5Y,Blue Denim Heart Ruffle Shirt,5,15,Blue Denim Heart Ruffle Shirt,"Infant Girls Tops, Girls Tops",Denim,Girls 
5325-6Y,Blue Denim Heart Ruffle Shirt,6,20,Blue Denim Heart Ruffle Shirt,"Infant Girls Tops, Girls Tops",Denim,Girls 
5325-7Y,Blue Denim Heart Ruffle Shirt,7,20,Blue Denim Heart Ruffle Shirt,"Infant Girls Tops, Girls Tops",Denim,Girls 
5325-8Y,Blue Denim Heart Ruffle Shirt,8,20,Blue Denim Heart Ruffle Shirt,"Infant Girls Tops, Girls Tops",Denim,Girls 
5304-6M,Denim top with tie,6 M,20,Denim top with tie,"Infant Girls Tops, Girls Tops",Denim,Girls 
5304-9M,Denim top with tie,9 M,20,Denim top with tie,"Infant Girls Tops, Girls Tops",Denim,Girls 
5304-12M,Denim top with tie,12 M,20,Denim top with tie,"Infant Girls Tops, Girls Tops",Denim,Girls 
5304-18M,Denim top with tie,18 M,20,Denim top with tie,"Infant Girls Tops, Girls Tops",Denim,Girls 
5304-2T,Denim top with tie,2T,20,Denim top with tie,"Infant Girls Tops, Girls Tops",Denim,Girls 
5304-3T,Denim top with tie,3T,20,Denim top with tie,"Infant Girls Tops, Girls Tops",Denim,Girls 
5304-4T,Denim top with tie,4T,20,Denim top with tie,"Infant Girls Tops, Girls Tops",Denim,Girls 
5304-5Y,Denim top with tie,5,20,Denim top with tie,"Infant Girls Tops, Girls Tops",Denim,Girls 
5347-3M,Black polka dot top,3 M,15,Black polka dot top,"Infant Girls Tops, Girls Tops",Black,Girls 
5347-6M,Black polka dot top,6 M,15,Black polka dot top,"Infant Girls Tops, Girls Tops",Black,Girls 
5347-9M,Black polka dot top,9 M,15,Black polka dot top,"Infant Girls Tops, Girls Tops",Black,Girls 
5347-12M,Black polka dot top,12 M,15,Black polka dot top,"Infant Girls Tops, Girls Tops",Black,Girls 
5347-18M,Black polka dot top,18 M,15,Black polka dot top,"Infant Girls Tops, Girls Tops",Black,Girls 
5347-2T,Black polka dot top,2T,15,Black polka dot top,"Infant Girls Tops, Girls Tops",Black,Girls 
5347-3T,Black polka dot top,3T,15,Black polka dot top,"Infant Girls Tops, Girls Tops",Black,Girls 
5336-6M,Purple Ruffle Tunic Tank ,6 M,19,Purple Ruffle Tunic Tank ,"Infant Girls Tops, Girls Tops",PUrple,Girls 
5336-12M,Purple Ruffle Tunic Tank ,12 M,19,Purple Ruffle Tunic Tank ,"Infant Girls Tops, Girls Tops",PUrple,Girls 
5336-18M,Purple Ruffle Tunic Tank ,18 M,19,Purple Ruffle Tunic Tank ,"Infant Girls Tops, Girls Tops",PUrple,Girls 
5336-24M,Purple Ruffle Tunic Tank ,24 M,19,Purple Ruffle Tunic Tank ,"Infant Girls Tops, Girls Tops",PUrple,Girls 
5336-2T,Purple Ruffle Tunic Tank ,2T,19,Purple Ruffle Tunic Tank ,"Infant Girls Tops, Girls Tops",PUrple,Girls 
5336-3T,Purple Ruffle Tunic Tank ,3T,19,Purple Ruffle Tunic Tank ,"Infant Girls Tops, Girls Tops",PUrple,Girls 
5336-4T,Purple Ruffle Tunic Tank ,4T,19,Purple Ruffle Tunic Tank ,"Infant Girls Tops, Girls Tops",PUrple,Girls 
5337-6M,Hot Pink Ruffle Tunic Tank ,6 M,19,Hot Pink Ruffle Tunic Tank ,"Infant Girls Tops, Girls Tops",Pink,Girls 
5337-12M,Hot Pink Ruffle Tunic Tank ,12 M,19,Hot Pink Ruffle Tunic Tank ,"Infant Girls Tops, Girls Tops",Pink,Girls 
5337-18M,Hot Pink Ruffle Tunic Tank ,18 M,19,Hot Pink Ruffle Tunic Tank ,"Infant Girls Tops, Girls Tops",Pink,Girls 
5337-24M,Hot Pink Ruffle Tunic Tank ,24 M,19,Hot Pink Ruffle Tunic Tank ,"Infant Girls Tops, Girls Tops",Pink,Girls 
5337-2T,Hot Pink Ruffle Tunic Tank ,2T,19,Hot Pink Ruffle Tunic Tank ,"Infant Girls Tops, Girls Tops",Pink,Girls 
5337-3T,Hot Pink Ruffle Tunic Tank ,3T,19,Hot Pink Ruffle Tunic Tank ,"Infant Girls Tops, Girls Tops",Pink,Girls 
5337-4T,Hot Pink Ruffle Tunic Tank ,4T,19,Hot Pink Ruffle Tunic Tank ,"Infant Girls Tops, Girls Tops",Pink,Girls 
5338-6M,White Ruffle Tunic Tank ,6 M,19,White Ruffle Tunic Tank ,"Infant Girls Tops, Girls Tops",White,Girls 
5338-12M,White Ruffle Tunic Tank ,12 M,19,White Ruffle Tunic Tank ,"Infant Girls Tops, Girls Tops",White,Girls 
5338-18M,White Ruffle Tunic Tank ,18 M,19,White Ruffle Tunic Tank ,"Infant Girls Tops, Girls Tops",White,Girls 
5338-24M,White Ruffle Tunic Tank ,24 M,19,White Ruffle Tunic Tank ,"Infant Girls Tops, Girls Tops",White,Girls 
5338-2T,White Ruffle Tunic Tank ,2T,19,White Ruffle Tunic Tank ,"Infant Girls Tops, Girls Tops",White,Girls 
5338-3T,White Ruffle Tunic Tank ,3T,19,White Ruffle Tunic Tank ,"Infant Girls Tops, Girls Tops",White,Girls 
5338-4T,White Ruffle Tunic Tank ,4T,19,White Ruffle Tunic Tank ,"Infant Girls Tops, Girls Tops",White,Girls 
3051,Orange and teal floral bowtie,OS,15,Orange and teal floral bowtie,Ties and Bowties,Orange,Boys
